location_id,local_language_id,name,subtitle
1,5,Joliberges,
1,9,Canalave City,
2,5,Vestigion,
2,9,Eterna City,
3,5,Verchamps,
3,9,Pastoria City,
4,5,Rivamar,
4,9,Sunyshore City,
5,5,Ligue Pokémon,
5,9,Pokémon League,
6,5,Mine Charbourg,
6,9,Oreburgh Mine,
7,5,Les Eoliennes,
7,9,Valley Windworks,
8,5,Forêt Vestigion,
8,9,Eterna Forest,
9,5,Forge Fuego,
9,9,Fuego Ironworks,
10,5,Mont Couronné,
10,9,Mt. Coronet,
11,5,Grand Marais,
11,9,Great Marsh,
12,5,Ruines Bonville,
12,9,Solaceon Ruins,
13,5,Route Victoire,
13,9,Victory Road,
14,5,Chemin Rocheux,
14,9,Ravaged Path,
15,5,Entrée Charbourg,
15,9,Oreburgh Gate,
16,5,Mont Abrupt,
16,9,Stark Mountain,
17,5,Chemin Source,
17,9,Spring Path,
18,5,Grotte Retour,
18,9,Turnback Cave,
19,5,Temple Frimapic,
19,9,Snowpoint Temple,
20,5,Grotte Revèche,
20,9,Wayward Cave,
22,5,Grotte Ruinem.,
22,9,Ruin Maniac Cave,
23,5,Jardin Trophée,
23,9,Trophy Garden,
24,5,Ile de Fer,
24,9,Iron Island,
25,5,Vieux Château,
25,9,Old Chateau,
26,5,Lac Vérité,
26,9,Lake Verity,
27,5,Lac Courage,
27,9,Lake Valor,
28,5,Lac Savoir,
28,9,Lake Acuity,
29,5,Rive Lac Courage,
29,9,Valor Lakefront,
30,5,Rive Lac Savoir,
30,9,Acuity Lakefront,
31,5,Route 201,
31,9,Route 201,
32,5,Route 202,
32,9,Route 202,
33,5,Route 203,
33,9,Route 203,
34,5,Route 204,
34,9,Route 204,
35,5,Route 205,
35,9,Route 205,
36,5,Route 206,
36,9,Route 206,
37,5,Route 207,
37,9,Route 207,
38,5,Route 208,
38,9,Route 208,
39,5,Route 209,
39,9,Route 209,
40,5,Tour Perdue,
40,9,Lost Tower,
41,5,Route 210,
41,9,Route 210,
42,5,Route 211,
42,9,Route 211,
43,5,Route 212,
43,9,Route 212,
44,5,Route 213,
44,9,Route 213,
45,5,Route 214,
45,9,Route 214,
46,5,Route 215,
46,9,Route 215,
47,5,Route 216,
47,9,Route 216,
48,5,Route 217,
48,9,Route 217,
49,5,Route 218,
49,9,Route 218,
50,5,Route 219,
50,9,Route 219,
51,5,Route 221,
51,9,Route 221,
52,5,Route 222,
52,9,Route 222,
53,5,Route 224,
53,9,Route 224,
54,5,Route 225,
54,9,Route 225,
55,5,Route 227,
55,9,Route 227,
56,5,Route 228,
56,9,Route 228,
57,5,Route 229,
57,9,Route 229,
58,5,Bonaugure,
58,9,Twinleaf Town,
59,5,Célestia,
59,9,Celestic Town,
60,5,Aire de Détente,
60,9,Resort Area,
61,5,Chenal 220,
61,9,Sea Route 220,
62,5,Chenal 223,
62,9,Sea Route 223,
63,5,Chenal 226,
63,9,Sea Route 226,
64,5,Chenal 230,
64,9,Sea Route 230,
65,5,Ebènelle,
65,9,Blackthorn City,
66,5,Tour Cendrée,
66,9,Burned Tower,
67,5,Céladopole,
67,9,Celadon City,
68,5,Azuria,
68,9,Cerulean City,
69,5,Ville Griotte,
69,9,Cherrygrove City,
70,5,Irisia,
70,9,Cianwood City,
71,5,Cramois'Ile,
71,9,Cinnabar Island,
72,5,Antre Noir,
72,9,Dark Cave,
73,5,Cave TAUPIQUEUR,
73,9,Diglett's Cave,
74,5,Antre du Dragon,
74,9,Dragon's Den,
75,5,Rosalia,
75,9,Ecruteak City,
76,5,Parmanie,
76,9,Fuchsia City,
77,5,Route de Glace,
77,9,Ice Path,
78,5,Bois aux Chênes,
78,9,Ilex Forest,
79,5,Lac Colère,
79,9,Lake of Rage,
80,5,Mont Sélénite,
80,9,Mt. Moon,
81,5,Mont Creuset,
81,9,Mt. Mortar,
82,5,Mont Argenté,
82,9,Mt. Silver,
83,5,Parc Naturel,
83,9,National Park,
84,5,Bourg Geon,
84,9,New Bark Town,
85,5,Oliville,
85,9,Olivine City,
86,5,Bourg Palette,
86,9,Pallet Town,
87,5,Grotte,
87,9,Rock Tunnel,
88,5,Route 1,
88,9,Route 1,
89,5,Route 10,
89,9,Route 10,
90,5,Route 11,
90,9,Route 11,
91,5,Route 12,
91,9,Route 12,
92,5,Route 13,
92,9,Route 13,
93,5,Route 14,
93,9,Route 14,
94,5,Route 15,
94,9,Route 15,
95,5,Route 16,
95,9,Route 16,
96,5,Route 17,
96,9,Route 17,
97,5,Route 18,
97,9,Route 18,
98,5,Chenal 19,
98,9,Sea Route 19,
99,5,Route 2,
99,9,Route 2,
100,5,Chenal 20,
100,9,Sea Route 20,
101,5,Chenal 21,
101,9,Sea Route 21,
102,5,Route 22,
102,9,Route 22,
103,5,Route 24,
103,9,Route 24,
104,5,Route 25,
104,9,Route 25,
105,5,Route 26,
105,9,Route 26,
106,5,Route 27,
106,9,Route 27,
107,5,Route 28,
107,9,Route 28,
108,5,Route 29,
108,9,Route 29,
109,5,Route 3,
109,9,Route 3,
110,5,Route 30,
110,9,Route 30,
111,5,Route 31,
111,9,Route 31,
112,5,Route 32,
112,9,Route 32,
113,5,Route 33,
113,9,Route 33,
114,5,Route 34,
114,9,Route 34,
115,5,Route 35,
115,9,Route 35,
116,5,Route 36,
116,9,Route 36,
117,5,Route 37,
117,9,Route 37,
118,5,Route 38,
118,9,Route 38,
119,5,Route 39,
119,9,Route 39,
120,5,Route 4,
120,9,Route 4,
121,5,Chenal 40,
121,9,Sea Route 40,
122,5,Chenal 41,
122,9,Sea Route 41,
123,5,Route 42,
123,9,Route 42,
124,5,Route 43,
124,9,Route 43,
125,5,Route 44,
125,9,Route 44,
126,5,Route 45,
126,9,Route 45,
127,5,Route 46,
127,9,Route 46,
128,5,Route 47,
128,9,Route 47,
129,5,Route 48,
129,9,Route 48,
130,5,Route 5,
130,9,Route 5,
131,5,Route 6,
131,9,Route 6,
132,5,Route 7,
132,9,Route 7,
133,5,Route 8,
133,9,Route 8,
134,5,Route 9,
134,9,Route 9,
135,5,Ruines d'Alpha,
135,9,Ruins of Alph,
136,5,Iles Ecume,
136,9,Seafoam Islands,
137,5,Puits RAMOLOSS,
137,9,Slowpoke Well,
138,5,Tour CHETIFLOR,
138,9,Sprout Tower,
139,5,Tour Carillon,
139,9,Bell Tower,
140,5,Chutes Tohjo,
140,9,Tohjo Falls,
141,5,Caves Jumelles,
141,9,Union Cave,
147,5,Caverne Azurée,
147,9,Cerulean Cave,
148,5,Inconnu; que des Ptitard,
148,9,Unknown; all Poliwag,
149,5,Inconnu; que des Rattata,
149,9,Unknown; all Rattata,
150,5,Inconnu; que des insectes,
150,9,Unknown; all bugs,
151,5,Carmin sur Mer,
151,9,Vermilion City,
152,5,Route Victoire,
152,9,Victory Road,
153,5,Mauville,
153,9,Violet City,
154,5,Jadielle,
154,9,Viridian City,
155,5,Forêt de Jade,
155,9,Viridian Forest,
156,5,Tourb'Iles,
156,9,Whirl Islands,
157,5,Route 23,
157,9,Route 23,
158,5,Centrale,
158,9,Power Plant,
159,5,Route Victoire,
159,9,Victory Road,
160,5,Tour Pokémon,
160,9,Pokémon Tower,
161,5,Manoir Pokémon,
161,9,Pokémon Mansion,
162,5,Parc Safari,
162,9,Safari Zone,
163,5,Littorella,
163,9,Sandgem Town,
164,5,Floraville,
164,9,Floaroma Town,
165,5,Bonville,
165,9,Solaceon Town,
167,5,Féli-Cité,
167,9,Jubilife City,
168,5,Charbourg,
168,9,Oreburgh City,
169,5,Unionpolis,
169,9,Hearthome City,
170,5,Voilaroc,
170,9,Veilstone City,
171,5,Frimapic,
171,9,Snowpoint City,
172,5,Colonnes Lances,
172,9,Spear Pillar,
173,5,Parc des Amis,
173,9,Pal Park,
174,5,Square Paisible,
174,9,Amity Square,
175,5,Pré Floraville,
175,9,Floaroma Meadow,
177,5,Ile Pleine Lune,
177,9,Fullmoon Island,
178,5,Source Adieu,
178,9,Sendoff Spring,
179,5,Paradis Fleuri,
179,9,Flower Paradise,
180,5,Tunnel Runiem.,
180,9,Maniac Tunnel,
181,5,QG Galaxie,
181,9,Galactic HQ,
182,5,Rive Lac Vérité,
182,9,Verity Lakefront,
183,5,Ile Nouvellelune,
183,9,Newmoon Island,
184,5,Tour de Combat,
184,9,Battle Tower,
185,5,Aire de Combat,
185,9,Fight Area,
186,5,Aire de Survie,
186,9,Survival Area,
187,5,Passage Marin,
187,9,Seabreak Path,
188,5,Salle Originelle,
188,9,Hall of Origin,
189,5,Salle Originelle,
189,9,Hall of Origin,
190,5,Caverne Vérité,
190,9,Verity Cavern,
191,5,Caverne Courage,
191,9,Valor Cavern,
192,5,Caverne Savoir,
192,9,Acuity Cavern,
193,5,Féli-Télé,
193,9,Jubilife TV,
194,5,Pokémontre S.A.,
194,9,Pokétch Co.,
195,5,GTS,
195,9,GTS,
196,5,Ecole Dresseurs,
196,9,Trainers’ School,
197,5,Musée Minier,
197,9,Mining Museum,
198,5,Fleuriste,
198,9,Flower Shop,
199,5,Boutique de Vélo,
199,9,Cycle Shop,
200,5,Salle Concours,
200,9,Contest Hall,
201,5,Poffinerie,
201,9,Poffin House,
202,5,Bâtiment Etrange,
202,9,Foreign Building,
203,5,Pension Pokémon,
203,9,Pokémon Day Care,
204,5,C. Com. Voilaroc,
204,9,Veilstone Store,
205,5,Casino,
205,9,Game Corner,
206,5,Bibl. Joliberges,
206,9,Canalave Library,
207,5,Phare Panorama,
207,9,Vista Lighthouse,
208,5,Marché Rivamar,
208,9,Sunyshore Market,
209,5,Abri Petitpas,
209,9,Footstep House,
210,5,Café,
210,9,Café,
211,5,Grand Lac,
211,9,Grand Lake,
212,5,Restaurant,
212,9,Restaurant,
213,5,Parc des Combats,
213,9,Battle Park,
214,5,Zone de Combat,
214,9,Battle Frontier,
215,5,Usine de Combat,
215,9,Battle Factory,
216,5,Castel de Combat,
216,9,Battle Castle,
217,5,Arcade de Combat,
217,9,Battle Arcade,
218,5,Scène de Combat,
218,9,Battle Hall,
219,5,Monde Distorsion,
219,9,Distortion World,
220,5,Terminal Mondial,
220,9,Global Terminal,
221,5,Villa,
221,9,Villa,
222,5,Café Combats,
222,9,Battleground,
223,5,Salle MOTISMA,
223,9,ROTOM's Room,
224,5,Team G Vestigion,
224,9,T.G. Eterna Bldg,
225,5,Ruines de Fer,
225,9,Iron Ruins,
226,5,Ruines Iceberg,
226,9,Iceberg Ruins,
227,5,Ruines Pic Roche,
227,9,Rock Peak Ruins,
228,5,Ecorcia,
228,9,Azalea Town,
229,5,Doublonville,
229,9,Goldenrod City,
230,5,Acajou,
230,9,Mahogany Town,
231,5,Argenta,
231,9,Pewter City,
232,5,Lavanville,
232,9,Lavender Town,
233,5,Plateau Indigo,
233,9,Indigo Plateau,
234,5,Safrania,
234,9,Saffron City,
236,5,Phare,
236,9,Lighthouse,
237,5,Repaire Rocket d'Acajou,
237,9,Team Rocket HQ,
238,5,Doublon-Tunnel,
238,9,Goldenrod Tunnel,
239,5,Grotte Argentée,
239,9,Mt. Silver Cave,
241,5,Dôme Pokéathlon,
241,9,Pokéathlon Dome,
242,5,Aquaria,
242,9,S.S. Aqua,
243,5,Portail Safari,
243,9,Safari Zone Gate,
244,5,Grotte Falaise,
244,9,Cliff Cave,
245,5,Atrium Combat,
245,9,Frontier Access,
246,5,Sentier Carillon,
246,9,Bellchime Trail,
247,5,Ruines Sinjoh,
247,9,Sinjoh Ruins,
248,5,Tour Enfouie,
248,9,Embedded Tower,
249,5,Pokéwalker,
249,9,Pokéwalker,
250,5,Portail Falaise,
250,9,Cliff Edge Gate,
252,5,Tour Radio,
252,9,Radio Tower,
253,5,Couple Pension,
253,9,Day-Care Couple,
254,5,Echange Link,
254,9,Link trade (arrive),
255,5,Echange Link,
255,9,Link trade (met),
256,5,Kanto,
256,9,Kanto,
257,5,Johto,
257,9,Johto,
258,5,Hoenn,
258,9,Hoenn,
259,5,Sinnoh,
259,9,Sinnoh,
260,5,Pays lointain,
260,9,Distant land,
261,5,un voyageur,
261,9,Traveling Man,
262,5,Armand,
262,9,Riley,
263,5,Cynthia,
263,9,Cynthia,
264,5,Endroit mystér.,
264,9,Mystery Zone,
265,5,Endroit superbe,
265,9,Lovely place,
266,5,Pokémon Ranger,
266,9,Pokémon Ranger,
267,5,Endroit lointain,
267,9,Faraway place,
268,5,Film Pokémon,
268,9,Pokémon Movie,
269,5,Film Pokémon 06,
269,9,Pokémon Movie 06,
270,5,Film Pokémon 07,
270,9,Pokémon Movie 07,
271,5,Film Pokémon 08,
271,9,Pokémon Movie 08,
272,5,Film Pokémon 09,
272,9,Pokémon Movie 09,
273,5,Film Pokémon 10,
273,9,Pokémon Movie 10,
274,5,Film Pokémon 11,
274,9,Pokémon Movie 11,
275,5,Film Pokémon 12,
275,9,Pokémon Movie 12,
276,5,Film Pokémon 13,
276,9,Pokémon Movie 13,
277,5,Film Pokémon 14,
277,9,Pokémon Movie 14,
278,5,Film Pokémon 15,
278,9,Pokémon Movie 15,
279,5,Film Pokémon 16,
279,9,Pokémon Movie 16,
280,5,Dessin ani. PKMN,
280,9,Pokémon Cartoon,
281,5,Space World,
281,9,Space World,
282,5,Space World 06,
282,9,Space World 06,
283,5,Space World 07,
283,9,Space World 07,
284,5,Space World 08,
284,9,Space World 08,
285,5,Space World 09,
285,9,Space World 09,
286,5,Space World 10,
286,9,Space World 10,
287,5,Space World 11,
287,9,Space World 11,
288,5,Space World 12,
288,9,Space World 12,
289,5,Space World 13,
289,9,Space World 13,
290,5,Space World 14,
290,9,Space World 14,
291,5,Space World 15,
291,9,Space World 15,
292,5,Space World 16,
292,9,Space World 16,
293,5,Pokémon Festa,
293,9,Pokémon Festa,
294,5,Pokémon Festa 06,
294,9,Pokémon Festa 06,
295,5,Pokémon Festa 07,
295,9,Pokémon Festa 07,
296,5,Pokémon Festa 08,
296,9,Pokémon Festa 08,
297,5,Pokémon Festa 09,
297,9,Pokémon Festa 09,
298,5,Pokémon Festa 10,
298,9,Pokémon Festa 10,
299,5,Pokémon Festa 11,
299,9,Pokémon Festa 11,
300,5,Pokémon Festa 12,
300,9,Pokémon Festa 12,
301,5,Pokémon Festa 13,
301,9,Pokémon Festa 13,
302,5,Pokémon Festa 14,
302,9,Pokémon Festa 14,
303,5,Pokémon Festa 15,
303,9,Pokémon Festa 15,
304,5,Pokémon Festa 16,
304,9,Pokémon Festa 16,
305,5,POKéPARK,
305,9,POKéPARK,
306,5,POKéPARK 06,
306,9,POKéPARK 06,
307,5,POKéPARK 07,
307,9,POKéPARK 07,
308,5,POKéPARK 08,
308,9,POKéPARK 08,
309,5,POKéPARK 09,
309,9,POKéPARK 09,
310,5,POKéPARK 10,
310,9,POKéPARK 10,
311,5,POKéPARK 11,
311,9,POKéPARK 11,
312,5,POKéPARK 12,
312,9,POKéPARK 12,
313,5,POKéPARK 13,
313,9,POKéPARK 13,
314,5,POKéPARK 14,
314,9,POKéPARK 14,
315,5,POKéPARK 15,
315,9,POKéPARK 15,
316,5,POKéPARK 16,
316,9,POKéPARK 16,
317,5,Centre Pokémon,
317,9,Pokémon Center,
318,5,CP Tokyo,
318,9,PC Tokyo,
319,5,CP Osaka,
319,9,PC Osaka,
320,5,CP Fukuoka,
320,9,PC Fukuoka,
321,5,CP Nagoya,
321,9,PC Nagoya,
322,5,CP Sapporo,
322,9,PC Sapporo,
323,5,CP Yokohama,
323,9,PC Yokohama,
324,5,Nintendo World,
324,9,Nintendo World,
325,5,Evénem. Pokémon,
325,9,Pokémon Event,
326,5,Evén. Pokémon 06,
326,9,Pokémon Event 06,
327,5,Evén. Pokémon 07,
327,9,Pokémon Event 07,
328,5,Evén. Pokémon 08,
328,9,Pokémon Event 08,
329,5,Evén. Pokémon 09,
329,9,Pokémon Event 09,
330,5,Evén. Pokémon 10,
330,9,Pokémon Event 10,
331,5,Evén. Pokémon 11,
331,9,Pokémon Event 11,
332,5,Evén. Pokémon 12,
332,9,Pokémon Event 12,
333,5,Evén. Pokémon 13,
333,9,Pokémon Event 13,
334,5,Evén. Pokémon 14,
334,9,Pokémon Event 14,
335,5,Evén. Pokémon 15,
335,9,Pokémon Event 15,
336,5,Evén. Pokémon 16,
336,9,Pokémon Event 16,
337,5,Evénement Wi-Fi,
337,9,Wi-Fi Event,
338,5,Cadeau Wi-Fi,
338,9,Wi-Fi Gift,
339,5,Fan Club Pokémon,
339,9,Pokémon Fan Club,
340,5,Lieu d'Evénement,
340,9,Event Site,
341,5,Evénem. Concert,
341,9,Concert Event,
342,5,M. Pokémon,
342,9,Mr. Pokémon,
343,5,Castor,
343,9,Primo,
344,1,なぞの場所,
344,5,Endroit Mystérieux,
344,9,Mystery Zone,
345,1,遠い場所,
345,5,Endroit Lointain,
345,9,Faraway place,
346,1,カノコタウン,
346,5,Renouet,
346,9,Nuvema Town,
347,1,カラクサタウン,
347,5,Arabelle,
347,9,Accumula Town,
348,1,サンヨウシティ,
348,5,Ogoesse,
348,9,Striaton City,
349,1,シッポウシティ,
349,5,Maillard,
349,9,Nacrene City,
350,1,ヒウンシティ,
350,5,Volucité,
350,9,Castelia City,
351,1,ライモンシティ,
351,5,Méanville,
351,9,Nimbasa City,
352,1,ホドモエシティ,
352,5,Port Yoneuve,
352,9,Driftveil City,
353,1,フキヨセシティ,
353,5,Parsemille,
353,9,Mistralton City,
354,1,セッカシティ,
354,5,Flocombe,
354,9,Icirrus City,
355,1,ソウリュウシティ,
355,5,Janusia,
355,9,Opelucid City,
356,1,１番道路,
356,5,Route 1,
356,9,Route 1,
357,1,２番道路,
357,5,Route 2,
357,9,Route 2,
358,1,３番道路,
358,5,Route 3,
358,9,Route 3,
359,1,４番道路,
359,5,Route 4,
359,9,Route 4,
360,1,５番道路,
360,5,Route 5,
360,9,Route 5,
361,1,６番道路,
361,5,Route 6,
361,9,Route 6,
362,1,７番道路,
362,5,Route 7,
362,9,Route 7,
363,1,８番道路,
363,5,Route 8,
363,9,Route 8,
364,1,９番道路,
364,5,Route 9,
364,9,Route 9,
365,1,１０番道路,
365,5,Route 10,
365,9,Route 10,
366,1,１１番道路,
366,5,Route 11,
366,9,Route 11,
367,1,１２番道路,
367,5,Route 12,
367,9,Route 12,
368,1,１３番道路,
368,5,Route 13,
368,9,Route 13,
369,1,１４番道路,
369,5,Route 14,
369,9,Route 14,
370,1,１５番道路,
370,5,Route 15,
370,9,Route 15,
371,1,１６番道路,
371,5,Route 16,
371,9,Route 16,
372,1,１７番水道,
372,5,Chenal 17,
372,9,Route 17,
373,1,１８番道路,
373,5,Route 18,
373,9,Route 18,
374,1,夢の跡地,
374,5,Vestiges du Rêve,
374,9,Dreamyard,
375,1,ヤグルマの森,
375,5,Forêt d'Empoigne,
375,9,Pinwheel Forest,
376,1,リゾートデザート,
376,5,Désert Délassant,
376,9,Desert Resort,
377,1,古代の城,
377,5,Château Enfoui,
377,9,Relic Castle,
378,1,冷凍コンテナ,
378,5,Hangar Frigorifique,
378,9,Cold Storage,
379,1,電気石の洞穴,
379,5,Grotte Électrolithe,
379,9,Chargestone Cave,
380,1,ネジ山,
380,5,Mont Foré,
380,9,Twist Mountain,
381,1,リュウラセンの塔,
381,5,Tour Dragospire,
381,9,Dragonspiral Tower,
382,1,チャンピオンロード,
382,5,Route Victoire,
382,9,Victory Road,
383,1,カゴメタウン,
383,5,Entrelasque,
383,9,Lacunosa Town,
384,1,サザナミタウン,
384,5,Vaguelone,
384,9,Undella Town,
385,1,カナワタウン,
385,5,Rotombourg,
385,9,Anville Town,
386,1,ポケモンリーグ,
386,5,Ligue Pokémon,
386,9,Pokémon League,
387,1,Ｎの城,
387,5,Palais de N,
387,9,N's Castle,
388,1,ロイヤルイッシュ号,
388,5,L'Étoile d'Unys,
388,9,Royal Unova,
389,1,ギアステーション,
389,5,Engrenage du Métro,
389,9,Gear Station,
390,1,バトルサブウェイ,
390,5,Métro de Combat,
390,9,Battle Subway,
391,1,ミュージカルホール,
391,5,Music-Hall,
391,9,Musical Theater,
392,1,ブラックシティ,
392,5,Ville Noire,
392,9,Black City,
393,1,ホワイトフォレスト,
393,5,Forêt Blanche,
393,9,White Forest,
394,1,ユナイテッドタワー,
394,5,Tour Union,
394,9,Unity Tower,
395,1,地下水脈の穴,
395,5,Veine Souterraine,
395,9,Wellspring Cave,
396,1,フキヨセの洞穴,
396,5,Grotte Parsemille,
396,9,Mistralton Cave,
397,1,思索の原,
397,5,Clairière Réflexion,
397,9,Rumination Field,
398,1,タワーオブヘブン,
398,5,Tour des Cieux,
398,9,Celestial Tower,
399,1,セッカの湿原,
399,5,Tourbière Flocombe,
399,9,Moor of Icirrus,
400,1,ショッピングモール,
400,5,Centre Commercial,
400,9,Shopping Mall,
401,1,修行の岩屋,
401,5,Antre d'Entraînement,
401,9,Challenger's Cave,
402,1,シフトファクトリー,
402,5,Laboratoire Fret,
402,9,Poké Transfer Lab,
403,1,ジャイアントホール,
403,5,Grotte Cyclopéenne,
403,9,Giant Chasm,
404,1,リバティガーデン島,
404,5,Île Liberté,
404,9,Liberty Garden,
405,1,Ｐ２ラボ,
405,5,Labo P2,
405,9,P2 Laboratory,
406,1,スカイアローブリッジ,
406,5,Pont Sagiciel,
406,9,Skyarrow Bridge,
407,1,ホドモエの跳ね橋,
407,5,Pont Yoneuve,
407,9,Driftveil Drawbridge,
408,1,シリンダーブリッジ,
408,5,Pont Ferroviaire,
408,9,Tubeline Bridge,
409,1,ビレッジブリッジ,
409,5,Pont du Hameau,
409,9,Village Bridge,
410,1,ワンダーブリッジ,
410,5,Pont de l'Inconnu,
410,9,Marvelous Bridge,
411,1,ハイリンク,
411,5,Heylink,
411,9,Entralink,
412,1,ほうじょうの社,
412,5,Autel Abondance,
412,9,Abundant Shrine,
413,1,サザナミ湾,
413,5,Baie Vaguelone,
413,9,Undella Bay,
414,1,迷いの森,
414,5,Bois des Illusions,
414,9,Lostlorn Forest,
415,1,試練の室,
415,5,Salle Épreuve,
415,9,Trial Chamber,
416,1,導の間,
416,5,Espace Guide,
416,9,Guidance Chamber,
417,1,ハイリンクの森,
417,5,Forêt du Heylink,
417,9,Entree Forest,
418,1,カラクサゲート,
418,5,Porte Arabelle,
418,9,Accumula Gate,
419,1,サザナミゲート,
419,5,Porte Vaguelone,
419,9,Undella Gate,
420,1,シッポウゲート,
420,5,Porte Maillard,
420,9,Nacrene Gate,
421,1,ヒウンゲート,
421,5,Porte Volucité,
421,9,Castelia Gate,
422,1,ライモンゲート,
422,5,Porte Méanville,
422,9,Nimbasa Gate,
423,1,ソウリュウゲート,
423,5,Porte Janusia,
423,9,Opelucid Gate,
424,1,ブラックゲート,
424,5,Porte Noire,
424,9,Black Gate,
425,1,ホワイトゲート,
425,5,Porte Blanche,
425,9,White Gate,
426,1,ブリッジゲート,
426,5,Porte de Pont,
426,9,Bridge Gate,
427,1,ロードゲート,
427,5,Porte de Route,
427,9,Route Gate,
428,1,海底遺跡,
428,5,Ruines des Abysses,
428,9,Abyssal Ruins,
429,1,トウカシティ,
429,3,등화도시,
429,5,Clémenti-Ville,
429,6,Blütenburg City,
429,7,Ciudad Petalia,
429,8,Petalipoli,
429,9,Petalburg City,
429,11,トウカシティ,
430,1,カイナシティ,
430,3,잿빛도시,
430,5,Poivressel,
430,6,Graphitport City,
430,7,Ciudad Portual,
430,8,Porto Selcepoli,
430,9,Slateport City,
430,11,カイナシティ,
431,1,ミナモシティ,
431,3,해안시티,
431,5,Nénucrique,
431,6,Seegrasulb City,
431,7,Ciudad Calagua,
431,8,Porto Alghepoli,
431,9,Lilycove City,
431,11,ミナモシティ,
432,1,トクサネシティ,
432,3,이끼시티,
432,5,Algatia,
432,6,Moosbach City,
432,7,Ciudad Algaria,
432,8,Verdeazzupoli,
432,9,Mossdeep City,
432,11,トクサネシティ,
433,1,ルネシティ,
433,3,루네시티,
433,5,Atalanopolis,
433,6,Xeneroville,
433,7,Arrecípolis,
433,8,Ceneride,
433,9,Sootopolis City,
433,11,ルネシティ,
434,1,サイユウシティ,
434,3,그랜드시티,
434,5,Éternara,
434,6,Prachtpolis City,
434,7,Ciudad Colosalia,
434,8,Iridopoli,
434,9,Ever Grande City,
434,11,サイユウシティ,
435,1,りゅうせいのたき,
435,3,유성의 폭포,
435,5,Site Météore,
435,6,Meteorfälle,
435,7,Cascada Meteoro,
435,8,Cascate Meteora,
435,9,Meteor Falls,
435,11,流星の滝,
436,1,カナシダトンネル,
436,3,금잔터널,
436,5,Tunnel Mérazon,
436,6,Metaflurtunnel,
436,7,Túnel Fervergal,
436,8,Tunnel Menferro,
436,9,Rusturf Tunnel,
436,11,カナシダトンネル,
437,1,いしのどうくつ,
437,3,바위 동굴,
437,5,Grotte Granite,
437,6,Granithöhle,
437,7,Cueva Granito,
437,8,Grotta Pietrosa,
437,9,Granite Cave,
437,11,石の洞窟,
438,1,トウカのもり,
438,3,등화숲,
438,5,Bois Clémenti,
438,6,Blütenburgwald,
438,7,Bosque Petalia,
438,8,Bosco Petalo,
438,9,Petalburg Woods,
438,11,トウカの森,
439,1,デコボコさんどう,
439,3,울퉁불퉁 산길,
439,5,Sentier Sinuroc,
439,6,Steilpass,
439,7,Desfiladero,
439,8,Passo Selvaggio,
439,9,Jagged Pass,
439,11,デコボコ山道,
440,1,ほのおのぬけみち,
440,3,불꽃샛길,
440,5,Chemin Ardent,
440,6,Feuriger Pfad,
440,7,Senda Ígnea,
440,8,Cammino Ardente,
440,9,Fiery Path,
440,11,炎の抜け道,
441,1,おくりびやま,
441,3,송화산,
441,5,Mont Mémoria,
441,6,Pyroberg,
441,7,Monte Pírico,
441,8,Monte Pira,
441,9,Mt. Pyre,
441,11,おくりび山,
442,1,かいていどうくつ,
442,3,해저동굴,
442,5,Caverne Fondmer,
442,6,Tiefseehöhle,
442,7,Caverna Abisal,
442,8,Antro Abissale,
442,9,Seafloor Cavern,
442,11,海底洞窟,
443,1,めざめのほこら,
443,3,각성의 사당,
443,5,Grotte Origine,
443,6,Urzeithöhle,
443,7,Cueva Ancestral,
443,8,Grotta dei Tempi,
443,9,Cave of Origin,
443,11,目覚めのほこら,
444,1,チャンピオンロード,
444,3,챔피언로드,
444,5,Route Victoire,
444,6,Siegesstraße,
444,7,Calle Victoria,
444,8,Via Vittoria,
444,9,Victory Road,
444,11,チャンピオンロード,
445,1,あさせのほらあな,
445,3,여울의 동굴,
445,5,Grotte Tréfonds,
445,6,Küstenhöhle,
445,7,Cueva Cardumen,
445,8,Grotta Ondosa,
445,9,Shoal Cave,
445,11,浅瀬の洞穴,
446,1,ニューキンセツ,
446,3,뉴보라,
446,5,New Lavandia,
446,6,Neu Malvenfroh,
446,7,Malvalanova,
446,8,Ciclanova,
446,9,New Mauville,
446,11,ニューキンセツ,
447,5,Épave,
447,9,Abandoned Ship,
448,1,そらのはしら,
448,3,하늘기둥,
448,5,Pilier Céleste,
448,6,Himmelturm,
448,7,Pilar Celeste,
448,8,Torre dei Cieli,
448,9,Sky Pillar,
448,11,空の柱,
449,1,１０１ばんどうろ,
449,3,101번도로,
449,5,Route 101,
449,6,Route 101,
449,7,Ruta 101,
449,8,Percorso 101,
449,9,Route 101,
449,11,１０１番道路,
450,1,１０２ばんどうろ,
450,3,102번도로,
450,5,Route 102,
450,6,Route 102,
450,7,Ruta 102,
450,8,Percorso 102,
450,9,Route 102,
450,11,１０２番道路,
451,1,１０３ばんどうろ,
451,3,103번도로,
451,5,Route 103,
451,6,Route 103,
451,7,Ruta 103,
451,8,Percorso 103,
451,9,Route 103,
451,11,１０３番道路,
452,1,１０４ばんどうろ,
452,3,104번도로,
452,5,Route 104,
452,6,Route 104,
452,7,Ruta 104,
452,8,Percorso 104,
452,9,Route 104,
452,11,１０４番道路,
453,1,１０５ばんすいどう,
453,3,105번수로,
453,5,Chenal 105,
453,6,Route 105,
453,7,Ruta 105,
453,8,Percorso 105,
453,9,Route 105,
453,11,１０５番水道,
454,1,１０６ばんすいどう,
454,3,106번수로,
454,5,Chenal 106,
454,6,Route 106,
454,7,Ruta 106,
454,8,Percorso 106,
454,9,Route 106,
454,11,１０６番水道,
455,1,１０７ばんすいどう,
455,3,107번수로,
455,5,Chenal 107,
455,6,Route 107,
455,7,Ruta 107,
455,8,Percorso 107,
455,9,Route 107,
455,11,１０７番水道,
456,1,１０８ばんすいどう,
456,3,108번수로,
456,5,Chenal 108,
456,6,Route 108,
456,7,Ruta 108,
456,8,Percorso 108,
456,9,Route 108,
456,11,１０８番水道,
457,1,１０９ばんすいどう,
457,3,109번수로,
457,5,Chenal 109,
457,6,Route 109,
457,7,Ruta 109,
457,8,Percorso 109,
457,9,Route 109,
457,11,１０９番水道,
458,1,１１０ばんどうろ,
458,3,110번도로,
458,5,Route 110,
458,6,Route 110,
458,7,Ruta 110,
458,8,Percorso 110,
458,9,Route 110,
458,11,１１０番道路,
459,1,１１１ばんどうろ,
459,3,111번도로,
459,5,Route 111,
459,6,Route 111,
459,7,Ruta 111,
459,8,Percorso 111,
459,9,Route 111,
459,11,１１１番道路,
460,1,１１２ばんどうろ,
460,3,112번도로,
460,5,Route 112,
460,6,Route 112,
460,7,Ruta 112,
460,8,Percorso 112,
460,9,Route 112,
460,11,１１２番道路,
461,1,１１３ばんどうろ,
461,3,113번도로,
461,5,Route 113,
461,6,Route 113,
461,7,Ruta 113,
461,8,Percorso 113,
461,9,Route 113,
461,11,１１３番道路,
462,1,１１４ばんどうろ,
462,3,114번도로,
462,5,Route 114,
462,6,Route 114,
462,7,Ruta 114,
462,8,Percorso 114,
462,9,Route 114,
462,11,１１４番道路,
463,1,１１５ばんどうろ,
463,3,115번도로,
463,5,Route 115,
463,6,Route 115,
463,7,Ruta 115,
463,8,Percorso 115,
463,9,Route 115,
463,11,１１５番道路,
464,1,１１６ばんどうろ,
464,3,116번도로,
464,5,Route 116,
464,6,Route 116,
464,7,Ruta 116,
464,8,Percorso 116,
464,9,Route 116,
464,11,１１６番道路,
465,1,１１７ばんどうろ,
465,3,117번도로,
465,5,Route 117,
465,6,Route 117,
465,7,Ruta 117,
465,8,Percorso 117,
465,9,Route 117,
465,11,１１７番道路,
466,1,１１８ばんどうろ,
466,3,118번도로,
466,5,Route 118,
466,6,Route 118,
466,7,Ruta 118,
466,8,Percorso 118,
466,9,Route 118,
466,11,１１８番道路,
467,1,１１９ばんどうろ,
467,3,119번도로,
467,5,Route 119,
467,6,Route 119,
467,7,Ruta 119,
467,8,Percorso 119,
467,9,Route 119,
467,11,１１９番道路,
468,1,１２０ばんどうろ,
468,3,120번도로,
468,5,Route 120,
468,6,Route 120,
468,7,Ruta 120,
468,8,Percorso 120,
468,9,Route 120,
468,11,１２０番道路,
469,1,１２１ばんどうろ,
469,3,121번도로,
469,5,Route 121,
469,6,Route 121,
469,7,Ruta 121,
469,8,Percorso 121,
469,9,Route 121,
469,11,１２１番道路,
470,1,１２２ばんすいどう,
470,3,122번수로,
470,5,Chenal 122,
470,6,Route 122,
470,7,Ruta 122,
470,8,Percorso 122,
470,9,Route 122,
470,11,１２２番水道,
471,1,１２３ばんどうろ,
471,3,123번도로,
471,5,Route 123,
471,6,Route 123,
471,7,Ruta 123,
471,8,Percorso 123,
471,9,Route 123,
471,11,１２３番道路,
472,1,１２４ばんすいどう,
472,3,124번수로,
472,5,Chenal 124,
472,6,Route 124,
472,7,Ruta 124,
472,8,Percorso 124,
472,9,Route 124,
472,11,１２４番水道,
473,1,１２５ばんすいどう,
473,3,125번수로,
473,5,Chenal 125,
473,6,Route 125,
473,7,Ruta 125,
473,8,Percorso 125,
473,9,Route 125,
473,11,１２５番水道,
474,1,１２６ばんすいどう,
474,3,126번수로,
474,5,Chenal 126,
474,6,Route 126,
474,7,Ruta 126,
474,8,Percorso 126,
474,9,Route 126,
474,11,１２６番水道,
475,1,１２７ばんすいどう,
475,3,127번수로,
475,5,Chenal 127,
475,6,Route 127,
475,7,Ruta 127,
475,8,Percorso 127,
475,9,Route 127,
475,11,１２７番水道,
476,1,１２８ばんすいどう,
476,3,128번수로,
476,5,Chenal 128,
476,6,Route 128,
476,7,Ruta 128,
476,8,Percorso 128,
476,9,Route 128,
476,11,１２８番水道,
477,1,１２９ばんすいどう,
477,3,129번수로,
477,5,Chenal 129,
477,6,Route 129,
477,7,Ruta 129,
477,8,Percorso 129,
477,9,Route 129,
477,11,１２９番水道,
478,1,１３０ばんすいどう,
478,3,130번수로,
478,5,Chenal 130,
478,6,Route 130,
478,7,Ruta 130,
478,8,Percorso 130,
478,9,Route 130,
478,11,１３０番水道,
479,1,１３１ばんすいどう,
479,3,131번수로,
479,5,Chenal 131,
479,6,Route 131,
479,7,Ruta 131,
479,8,Percorso 131,
479,9,Route 131,
479,11,１３１番水道,
480,1,１３２ばんすいどう,
480,3,132번수로,
480,5,Chenal 132,
480,6,Route 132,
480,7,Ruta 132,
480,8,Percorso 132,
480,9,Route 132,
480,11,１３２番水道,
481,1,１３３ばんすいどう,
481,3,133번수로,
481,5,Chenal 133,
481,6,Route 133,
481,7,Ruta 133,
481,8,Percorso 133,
481,9,Route 133,
481,11,１３３番水道,
482,1,１３４ばんすいどう,
482,3,134번수로,
482,5,Chenal 134,
482,6,Route 134,
482,7,Ruta 134,
482,8,Percorso 134,
482,9,Route 134,
482,11,１３４番水道,
483,1,サファリゾーン,
483,3,사파리존,
483,5,Parc Safari,
483,6,Safari-Zone,
483,7,Zona Safari,
483,8,Zona Safari,
483,9,Safari Zone,
483,11,サファリゾーン,
484,1,ムロタウン,
484,3,무로마을,
484,5,Myokara,
484,6,Faustauhaven,
484,7,Pueblo Azuliza,
484,8,Bluruvia,
484,9,Dewford Town,
484,11,ムロタウン,
485,1,キナギタウン,
485,3,황금마을,
485,5,Pacifiville,
485,6,Floßbrunn,
485,7,Pueblo Oromar,
485,8,Orocea,
485,9,Pacifidlog Town,
485,11,キナギタウン,
486,5,Planque Magma,
486,9,Magma Hideout,
487,5,Tour Mirage,
487,9,Mirage Tower,
488,5,Voie du Désert,
488,9,Desert Underpass,
489,5,Grotte Atelier,
489,9,Artisan Cave,
490,5,Grotte Métamo,
490,9,Altering Cave,
491,5,Chambre Anemune,
491,9,Monean Chamber,
492,5,Chambre Deulipe,
492,9,Liptoo Chamber,
493,5,Chambre Prois,
493,9,Weepth Chamber,
494,5,Chambre Jonquatre,
494,9,Dilford Chamber,
495,5,Chambre Hibicinq,
495,9,Scufib Chamber,
496,5,Chambre Irix,
496,9,Rixy Chamber,
497,5,Chambre Poinsept,
497,9,Viapos Chamber,
498,5,L'Océane,
498,9,S.S. Anne,
500,5,Mont Braise,
500,9,Mt. Ember,
501,5,Bois Baies,
501,9,Berry Forest,
502,5,Grotte de Glace,
502,9,Icefall Cave,
503,5,Forbuissons,
503,9,Pattern Bush,
504,5,Grotte Perdue,
504,9,Lost Cave,
505,5,Route Tison,
505,9,Kindle Road,
506,5,Plage Trésor,
506,9,Treasure Beach,
507,5,Cap Falaise,
507,9,Cape Brink,
508,5,Pont du Lien,
508,9,Bond Bridge,
509,5,Port Ile 3,
509,9,Three Isle Port,
510,5,Camp de Vacances,
510,9,Resort Gorgeous,
511,5,Labyrinthe d'O,
511,9,Water Labyrinth,
512,5,Pré Ile 5,
512,9,Five Isle Meadow,
513,5,Mémorial,
513,9,Memorial Pillar,
514,5,Ile du Lointain,
514,9,Outcast Island,
515,5,Chemin Vert,
515,9,Green Path,
516,5,Agualcanal,
516,9,Water Path,
517,5,Vallée Ruine,
517,9,Ruin Valley,
518,5,Tour Dresseurs,
518,9,Trainer Tower,
519,5,Entrée du Canyon,
519,9,Canyon Entrance,
520,5,Canyon Sesor,
520,9,Sevault Canyon,
521,5,Ruines Tanoby,
521,9,Tanoby Ruins,
526,5,Ile 1,
526,9,One Island,
527,5,Ile 4,
527,9,Four Island,
528,5,Ile 5,
528,9,Five Island,
529,5,Grotte Métamo,
529,9,Altering Cave,
531,1,ヒオウギシティ,
531,5,Pavonnay,
531,9,Aspertia City,
532,1,タチワキシティ,
532,5,Ondes-sur-Mer,
532,9,Virbank City,
533,1,セイガイハシティ,
533,5,Papeloa,
533,9,Humilau City,
534,1,ポケウッド,
534,5,Pokéwood,
534,9,PokéStar Studios,
535,1,ジョインアベニュー,
535,5,Galerie Concorde,
535,9,Join Avenue,
536,1,サンギタウン,
536,5,Amaillide,
536,9,Floccesy Town,
537,1,ヤマジタウン,
537,5,Arpentières,
537,9,Lentimas Town,
538,1,１９番道路,
538,5,Route 19,
538,9,Route 19,
539,1,２０番道路,
539,5,Route 20,
539,9,Route 20,
540,1,２１番水道,
540,5,Chenal 21,
540,9,Route 21,
541,1,２２番道路,
541,5,Route 22,
541,9,Route 22,
542,1,２３番道路,
542,5,Route 23,
542,9,Route 23,
543,1,ヒウン下水道,
543,5,Égouts de Volucité,
543,9,Castelia Sewers,
544,1,サンギ牧場,
544,5,Ranch d'Amaillide,
544,9,Floccesy Ranch,
545,1,タチワキコンビナート,
545,5,Z.I. d'Ondes-sur-Mer,
545,9,Virbank Complex,
546,1,リバースマウンテン,
546,5,Mont Renenvers,
546,9,Reversal Mountain,
547,1,ストレンジャーハウス,
547,5,Manoir de l'Étrange,
547,9,Strange House,
548,1,チャンピオンロード,
548,5,Route Victoire,
548,9,Victory Road,
549,1,プラズマフリゲート,
549,5,Frégate Plasma,
549,9,Plasma Frigate,
550,1,古代の抜け道,
550,5,Chemin Enfoui,
550,9,Relic Passage,
551,1,ヤーコンロード,
551,5,Route Bardane,
551,9,Clay Tunnel,
552,1,白の樹洞,
552,5,Arbre Creux Blanc,
552,9,White Treehollow,
553,1,黒の摩天楼,
553,5,Gratte-Ciel Noir,
553,9,Black Tower,
554,1,海辺の洞穴,
554,5,Grotte Littorale,
554,9,Seaside Cave,
555,1,心の空洞,
555,5,Caverne des Esprits,
555,9,Cave of Being,
556,1,隠し穴,
556,5,Trouée Cachée,
556,9,Hidden Grotto,
557,1,マリンチューブ,
557,5,Aquatube,
557,9,Marine Tube,
558,1,タチワキゲート,
558,5,Porte Ondes-sur-Mer,
558,9,Virbank Gate,
559,1,ヒオウギゲート,
559,5,Porte Pavonnay,
559,9,Aspertia Gate,
560,1,自然保護区,
560,5,Réserve Naturelle,
560,9,Nature Sanctuary,
561,1,メダル事務局,
561,5,Bureau des Médailles,
561,9,Medal Secretariat,
562,1,地底遺跡,
562,5,Ruines Enfouies,
562,9,Underground Ruins,
563,1,岩山の間,
563,5,Salle Pic Rocheux,
563,9,Rocky Mountain Room,
564,1,氷山の間,
564,5,Salle Iceberg,
564,9,Glacier Room,
565,1,鉄の間,
565,5,Salle Fer,
565,9,Iron Room,
566,1,誓いの林,
566,5,Bois du Serment,
566,9,Pledge Grove,
567,1,ミシロタウン,
567,3,미로마을,
567,5,Bourg-en-Vol,
567,6,Wurzelheim,
567,7,Villa Raíz,
567,8,Albanova,
567,9,Littleroot Town,
567,11,ミシロタウン,
568,1,コトキタウン,
568,3,고도마을,
568,5,Rosyères,
568,6,Rosaltstadt,
568,7,Pueblo Escaso,
568,8,Solarosa,
568,9,Oldale Town,
568,11,コトキタウン,
569,1,フエンタウン,
569,3,용암마을,
569,5,Vermilava,
569,6,Bad Lavastadt,
569,7,Pueblo Lavacalda,
569,8,Cuordilava,
569,9,Lavaridge Town,
569,11,フエンタウン,
570,1,ハジツゲタウン,
570,3,단풍마을,
570,5,Autéquia,
570,6,Laubwechselfeld,
570,7,Pueblo Pardal,
570,8,Brunifoglia,
570,9,Fallarbor Town,
570,11,ハジツゲタウン,
571,1,シダケタウン,
571,3,잔디마을,
571,5,Vergazon,
571,6,Wiesenflur,
571,7,Pueblo Verdegal,
571,8,Mentania,
571,9,Verdanturf Town,
571,11,シダケタウン,
572,1,キンセツシティ,
572,3,보라시티,
572,5,Lavandia,
572,6,Malvenfroh City,
572,7,Ciudad Malvalona,
572,8,Ciclamipoli,
572,9,Mauville City,
572,11,キンセツシティ,
573,1,カナズミシティ,
573,3,금탄도시,
573,5,Mérouville,
573,6,Metarost City,
573,7,Ciudad Férrica,
573,8,Ferrugipoli,
573,9,Rustboro City,
573,11,カナズミシティ,
574,1,ヒワマキシティ,
574,3,검방울시티,
574,5,Cimetronelle,
574,6,Baumhausen City,
574,7,Ciudad Arborada,
574,8,Forestopoli,
574,9,Fortree City,
574,11,ヒワマキシティ,
575,5,Fond marin,
575,9,Underwater,
576,1,えんとつやま,
576,3,굴뚝산,
576,5,Mont Chimnée,
576,6,Schlotberg,
576,7,Monte Cenizo,
576,8,Monte Camino,
576,9,Mt. Chimney,
576,11,えんとつ山,
577,1,マボロシじま,
577,3,환상섬,
577,5,Île Mirage,
577,6,Wundereiland,
577,7,Isla Espejismo,
577,8,Isola Miraggio,
577,9,Mirage Island,
577,11,マボロシ島,
578,1,みなみのことう,
578,3,남쪽의 외딴섬,
578,5,Île du Sud,
578,6,Insel im Süden,
578,7,Isla del Sur,
578,8,Isola Remota,
578,9,Southern Island,
578,11,南の孤島,
579,1,おふれのせきしつ,
579,3,고시의 석실,
579,5,Sanctuaire,
579,6,Siegelkammer,
579,7,Cámara Sellada,
579,8,Sala Incisa,
579,9,Sealed Chamber,
579,11,おふれの石室,
580,1,ひでりのいわと,
580,3,가뭄의 암굴,
580,5,Grotte Zénith,
580,6,Sonnengrotte,
580,7,Gruta Solar,
580,8,Grottino Solare,
580,9,Scorched Slab,
580,11,日照りの岩戸,
581,1,こじまのよこあな,
581,3,작은 섬 옆굴,
581,5,Grotte de l’Îlot,
581,6,Inselhöhle,
581,7,Cueva Insular,
581,8,Grotta Insulare,
581,9,Island Cave,
581,11,小島の横穴,
582,1,さばくいせき,
582,3,사막유적,
582,5,Ruines Désert,
582,6,Wüstenruine,
582,7,Ruinas del Desierto,
582,8,Rovine Sabbiose,
582,9,Desert Ruins,
582,11,砂漠遺跡,
583,1,こだいづか,
583,3,고대의 무덤,
583,5,Tombeau Antique,
583,6,Grabmal,
583,7,Tumba Antigua,
583,8,Tomba Antica,
583,9,Ancient Tomb,
583,11,古代塚,
584,1,？？？,
584,3,???,
584,5,???,
584,6,???,
584,7,(?),
584,8,???,
584,9,???,
584,11,？？？,
585,1,ひみつきち,
585,3,비밀기지,
585,5,Base Secrète,
585,6,Geheimbasis,
585,7,Base Secreta,
585,8,Base Segreta,
585,9,Secret Base,
585,11,ひみつきち,
586,5,Tour de Combat,
586,9,Battle Tower,
587,1,アサメタウン,
587,3,조아마을,
587,5,Bourg Croquis,
587,6,Escissia,
587,7,Pueblo Boceto,
587,8,Borgo Bozzetto,
587,9,Vaniville Town,
587,11,アサメタウン,
588,1,１ばんどうろ,
588,3,1번도로,
588,5,Route 1,
588,6,Route 1,
588,7,Ruta 1,
588,8,Percorso 1,
588,9,Route 1,
588,11,１番道路,
589,1,アサメのこみち,
589,3,조아의 작은 길,
589,5,Sentier Croquis,
589,6,Escissia-Pfad,
589,7,Sendero Boceto,
589,8,Vicolo Bozzetto,
589,9,Vaniville Pathway,
589,11,アサメの小道,
590,1,メイスイタウン,
590,3,수미마을,
590,5,Quarellis,
590,6,Aquarellia,
590,7,Pueblo Acuarela,
590,8,Rio Acquerello,
590,9,Aquacorde Town,
590,11,メイスイタウン,
591,1,２ばんどうろ,
591,3,2번도로,
591,5,Route 2,
591,6,Route 2,
591,7,Ruta 2,
591,8,Percorso 2,
591,9,Route 2,
591,11,２番道路,
592,1,アバンセどおり,
592,3,아방쎄 도로,
592,5,Chemin Progrès,
592,6,Progrès-Weg,
592,7,Vía del Avance,
592,8,Via Progresso,
592,9,Avance Trail,
592,11,アバンセ通り,
593,1,ハクダンのもり,
593,3,백단숲,
593,5,Forêt de Neuvartault,
593,6,Nouvaria-Wald,
593,7,Bosque de Novarte,
593,8,Bosco Novartopoli,
593,9,Santalune Forest,
593,11,ハクダンの森,
594,1,３ばんどうろ,
594,3,3번도로,
594,5,Route 3,
594,6,Route 3,
594,7,Ruta 3,
594,8,Percorso 3,
594,9,Route 3,
594,11,３番道路,
595,1,ウベールどおり,
595,3,우베르 도로,
595,5,Chemin Ouvert,
595,6,Ouvert-Weg,
595,7,Senda Despejada,
595,8,Via Aperta,
595,9,Ouvert Way,
595,11,ウベール通り,
596,1,ハクダンシティ,
596,3,백단시티,
596,5,Neuvartault,
596,6,Nouvaria City,
596,7,Ciudad Novarte,
596,8,Novartopoli,
596,9,Santalune City,
596,11,ハクダンシティ,
597,1,４ばんどうろ,
597,3,4번도로,
597,5,Route 4,
597,6,Route 4,
597,7,Ruta 4,
597,8,Percorso 4,
597,9,Route 4,
597,11,４番道路,
598,1,パルテールかいどう,
598,3,파르테르 가도,
598,5,Route Fleurie,
598,6,Parterre-Weg,
598,7,Senda del Parterre,
598,8,Viale Parterre,
598,9,Parterre Way,
598,11,パルテール街道,
599,1,ミアレシティ,
599,3,미르시티,
599,5,Illumis,
599,6,Illumina City,
599,7,Ciudad Luminalia,
599,8,Luminopoli,
599,9,Lumiose City,
599,11,ミアレシティ,
600,1,プリズムタワー,
600,3,프리즘타워,
600,5,Tour Prismatique,
600,6,Prismaturm,
600,7,Torre Prisma,
600,8,Torre Prisma,
600,9,Prism Tower,
600,11,プリズムタワー,
601,1,フラダリラボ,
601,3,플라드리 래버러토리,
601,5,Labos Lysandre,
601,6,Labor von Flordelis,
601,7,Laboratorios Lysson,
601,8,Laboratori Elisio,
601,9,Lysandre Labs,
601,11,フラダリラボ,
602,1,５ばんどうろ,
602,3,5번도로,
602,5,Route 5,
602,6,Route 5,
602,7,Ruta 5,
602,8,Percorso 5,
602,9,Route 5,
602,11,５番道路,
603,1,ベルサンどおり,
603,3,베르성 도로,
603,5,Chemin du Versant,
603,6,Coteau-Weg,
603,7,Vía Repecho,
603,8,Via Versante,
603,9,Versant Road,
603,11,ベルサン通り,
604,1,コボクタウン,
604,3,고목내마을,
604,5,Fort-Vanitas,
604,6,Vanitéa,
604,7,Pueblo Vánitas,
604,8,Castel Vanità,
604,9,Camphrier Town,
604,11,コボクタウン,
605,1,ショボンヌじょう,
605,3,침울한 성,
605,5,Fort de Vanitas,
605,6,Château Tristesse,
605,7,Castillo Caduco,
605,8,Maniero Sottotono,
605,9,Shabboneau Castle,
605,11,ショボンヌ城,
606,1,６ばんどうろ,
606,3,6번도로,
606,5,Route 6,
606,6,Route 6,
606,7,Ruta 6,
606,8,Percorso 6,
606,9,Route 6,
606,11,６番道路,
607,1,パレのなみきみち,
607,3,팔레 가로수 길,
607,5,Allée du Palais,
607,6,Palais-Allee,
607,7,Alameda del Palacio,
607,8,Boulevard Palazzo,
607,9,Palais Lane,
607,11,パレの並木道,
608,1,パルファムきゅうでん,
608,3,파르팽 궁전,
608,5,Palais Chaydeuvre,
608,6,Magnum-Opus-Palast,
608,7,Palacio Cénit,
608,8,Reggia Aurea,
608,9,Parfum Palace,
608,11,パルファム宮殿,
609,1,７ばんどうろ,
609,3,7번도로,
609,5,Route 7,
609,6,Route 7,
609,7,Ruta 7,
609,8,Percorso 7,
609,9,Route 7,
609,11,７番道路,
610,1,リビエールライン,
610,3,리비에르 라인,
610,5,Chemin des Berges,
610,6,Rivière-Promenade,
610,7,Paseo de la Ribera,
610,8,Via Fiume,
610,9,Rivière Walk,
610,11,リビエールライン,
611,1,ショウヨウシティ,
611,3,삼채시티,
611,5,Relifac-le-Haut,
611,6,Relievera City,
611,7,Ciudad Relieve,
611,8,Altoripoli,
611,9,Cyllage City,
611,11,ショウヨウシティ,
612,1,８ばんどうろ,
612,3,8번도로,
612,5,Route 8,
612,6,Route 8,
612,7,Ruta 8,
612,8,Percorso 8,
612,9,Route 8,
612,11,８番道路,
613,1,ミュライユかいがん,
613,3,미라유 해안,
613,5,Falaise Muraille,
613,6,Muraille-Küstenpfad,
613,7,Muralla Costera,
613,8,Muraglia Costiera,
613,9,Muraille Coast,
613,11,ミュライユ海岸,
614,1,コウジンタウン,
614,3,가라마을,
614,5,Roche-sur-Gliffe,
614,6,Petrophia,
614,7,Pueblo Petroglifo,
614,8,Petroglifari,
614,9,Ambrette Town,
614,11,コウジンタウン,
615,1,９ばんどうろ,
615,3,9번도로,
615,5,Route 9,
615,6,Route 9,
615,7,Ruta 9,
615,8,Percorso 9,
615,9,Route 9,
615,11,９番道路,
616,1,トゲトゲさんどう,
616,3,뿔 산길,
616,5,Piste Piquante,
616,6,Rihorn-Pass,
616,7,Paso de Rhyhorn,
616,8,Sentiero Punzoni,
616,9,Spikes Passage,
616,11,トゲトゲ山道,
617,1,バトルシャトー,
617,3,배틀샤토,
617,5,Château de Combat,
617,6,Kampfschloss,
617,7,Bastión Batalla,
617,8,Castello Lotta,
617,9,Battle Chateau,
617,11,バトルシャトー,
618,1,１０ばんどうろ,
618,3,10번도로,
618,5,Route 10,
618,6,Route 10,
618,7,Ruta 10,
618,8,Percorso 10,
618,9,Route 10,
618,11,１０番道路,
619,1,メンヒルロード,
619,3,멘히르로드,
619,5,Route Menhir,
619,6,Menhir-Weg,
619,7,Camino Menhires,
619,8,Strada dei Menhir,
619,9,Menhir Trail,
619,11,メンヒルロード,
620,1,セキタイタウン,
620,3,옥유마을,
620,5,Cromlac’h,
620,6,Cromlexia,
620,7,Pueblo Crómlech,
620,8,Cromleburgo,
620,9,Geosenge Town,
620,11,セキタイタウン,
621,1,１１ばんどうろ,
621,3,11번도로,
621,5,Route 11,
621,6,Route 11,
621,7,Ruta 11,
621,8,Percorso 11,
621,9,Route 11,
621,11,１１番道路,
622,1,ミロワールどおり,
622,3,미르와르 도로,
622,5,Chemin Miroir,
622,6,Miroir-Weg,
622,7,Senda Reflejos,
622,8,Via dei Riflessi,
622,9,Miroir Way,
622,11,ミロワール通り,
623,1,うつしみのどうくつ,
623,3,비춤의 동굴,
623,5,Grotte Miroitante,
623,6,Spiegelhöhle,
623,7,Cueva Reflejos,
623,8,Grotta dei Riflessi,
623,9,Reflection Cave,
623,11,映し身の洞窟,
624,1,シャラシティ,
624,3,사라시티,
624,5,Yantreizh,
624,6,Yantara City,
624,7,Ciudad Yantra,
624,8,Yantaropoli,
624,9,Shalour City,
624,11,シャラシティ,
625,1,マスタータワー,
625,3,마스터타워,
625,5,Tour Maîtrise,
625,6,Turm der Erkenntnis,
625,7,Torre Maestra,
625,8,Torre Maestra,
625,9,Tower of Mastery,
625,11,マスタータワー,
626,1,１２ばんどうろ,
626,3,12번도로,
626,5,Route 12,
626,6,Route 12,
626,7,Ruta 12,
626,8,Percorso 12,
626,9,Route 12,
626,11,１２番道路,
627,1,フラージュどおり,
627,3,프라주 도로,
627,5,Chemin Fourrage,
627,6,Fourrage-Weg,
627,7,Vereda del Heno,
627,8,Via dei Pascoli,
627,9,Fourrage Road,
627,11,フラージュ通り,
628,1,ヒヨクシティ,
628,3,비익시티,
628,5,Port Tempères,
628,6,Tempera City,
628,7,Ciudad Témpera,
628,8,Temperopoli,
628,9,Coumarine City,
628,11,ヒヨクシティ,
629,1,１３ばんどうろ,
629,3,13번도로,
629,5,Route 13,
629,6,Route 13,
629,7,Ruta 13,
629,8,Percorso 13,
629,9,Route 13,
629,11,１３番道路,
630,1,ミアレのこうや,
630,3,미르 황야,
630,5,Steppe d’Illumis,
630,6,Illumina-Steppe,
630,7,Páramo de Luminalia,
630,8,Landa di Luminopoli,
630,9,Lumiose Badlands,
630,11,ミアレの荒野,
631,1,１４ばんどうろ,
631,3,14번도로,
631,5,Route 14,
631,6,Route 14,
631,7,Ruta 14,
631,8,Percorso 14,
631,9,Route 14,
631,11,１４番道路,
632,1,クノエのりんどう,
632,3,후늬 임도,
632,5,Laie Romant-ss-Bois,
632,6,Romantia-Waldweg,
632,7,Arboleda Romantis,
632,8,Sentiero Romantopoli,
632,9,Laverre Nature Trail,
632,11,クノエの林道,
633,1,クノエシティ,
633,3,후늬시티,
633,5,Romant-sous-Bois,
633,6,Romantia City,
633,7,Ciudad Romantis,
633,8,Romantopoli,
633,9,Laverre City,
633,11,クノエシティ,
634,1,ボールこうじょう,
634,3,볼 공장,
634,5,Usine de Poké Balls,
634,6,Pokéball-Fabrik,
634,7,Fábrica Poké Balls,
634,8,Fabbrica Poké Ball,
634,9,Poké Ball Factory,
634,11,ボール工場,
635,1,１５ばんどうろ,
635,3,15번도로,
635,5,Route 15,
635,6,Route 15,
635,7,Ruta 15,
635,8,Percorso 15,
635,9,Route 15,
635,11,１５番道路,
636,1,ブランどおり,
636,3,브렁 도로,
636,5,Chemin Brun,
636,6,Brun-Weg,
636,7,Sendero Hojarasca,
636,8,Via Fogliebrune,
636,9,Brun Way,
636,11,ブラン通り,
637,1,フウジョタウン,
637,3,버들비마을,
637,5,La Frescale,
637,6,Frescora,
637,7,Pueblo Fresco,
637,8,Frescovilla,
637,9,Dendemille Town,
637,11,フウジョタウン,
638,1,１６ばんどうろ,
638,3,16번도로,
638,5,Route 16,
638,6,Route 16,
638,7,Ruta 16,
638,8,Percorso 16,
638,9,Route 16,
638,11,１６番道路,
639,1,トリストどおり,
639,3,트리스트 도로,
639,5,Chemin Tristesse,
639,6,Tristesse-Weg,
639,7,Senda Melancolía,
639,8,Via Malinconia,
639,9,Mélancolie Path,
639,11,トリスト通り,
640,1,フロストケイブ,
640,3,프로스트케이브,
640,5,Caverne Gelée,
640,6,Frosthöhle,
640,7,Gruta Helada,
640,8,Caverna Gelata,
640,9,Frost Cavern,
640,11,フロストケイブ,
641,1,１７ばんどうろ,
641,3,17번도로,
641,5,Route 17,
641,6,Route 17,
641,7,Ruta 17,
641,8,Percorso 17,
641,9,Route 17,
641,11,１７番道路,
642,1,マンムーロード,
642,3,맘모꾸리로드,
642,5,Route Mammochon,
642,6,Mamutel-Weg,
642,7,Sendero Mamoswine,
642,8,Passo Mamoswine,
642,9,Mamoswine Road,
642,11,マンムーロード,
643,1,ヒャッコクシティ,
643,3,향전시티,
643,5,Flusselles,
643,6,Fluxia City,
643,7,Ciudad Fluxus,
643,8,Fluxopoli,
643,9,Anistar City,
643,11,ヒャッコクシティ,
644,1,１８ばんどうろ,
644,3,18번도로,
644,5,Route 18,
644,6,Route 18,
644,7,Ruta 18,
644,8,Percorso 18,
644,9,Route 18,
644,11,１８番道路,
645,1,エトロワ・バレどおり,
645,3,에뜨르와 발레 도로,
645,5,Chemin des Gorges,
645,6,Vallée-Étroite-Weg,
645,7,Senda Valle Angosto,
645,8,Via Valle Stretta,
645,9,Vallée Étroite Way,
645,11,エトロワ・バレ通り,
646,1,レンリタウン,
646,3,배롱마을,
646,5,Mozheim,
646,6,Mosaia,
646,7,Pueblo Mosaico,
646,8,Ponte Mosaico,
646,9,Couriway Town,
646,11,レンリタウン,
647,1,１９ばんどうろ,
647,3,19번도로,
647,5,Route 19,
647,6,Route 19,
647,7,Ruta 19,
647,8,Percorso 19,
647,9,Route 19,
647,11,１９番道路,
648,1,ラルジュ・バレどおり,
648,3,라주 발레 도로,
648,5,Chemin du Val,
648,6,Vallée-Large-Weg,
648,7,Senda del Gran Valle,
648,8,Via Valle Larga,
648,9,Grande Vallée Way,
648,11,ラルジュ・バレ通り,
649,1,エイセツシティ,
649,3,이설시티,
649,5,Auffrac-les-Congères,
649,6,Fractalia City,
649,7,Ciudad Fractal,
649,8,Fractalopoli,
649,9,Snowbelle City,
649,11,エイセツシティ,
650,1,２０ばんどうろ,
650,3,20번도로,
650,5,Route 20,
650,6,Route 20,
650,7,Ruta 20,
650,8,Percorso 20,
650,9,Route 20,
650,11,２０番道路,
651,1,まよいのもり,
651,3,미혹의 숲,
651,5,Bois du Dédale,
651,6,Irrwald,
651,7,Bosque Errantes,
651,8,Bosco Passoperso,
651,9,Winding Woods,
651,11,迷いの森,
652,1,ポケモンのむら,
652,3,포켓몬마을,
652,5,Village Pokémon,
652,6,Pokémon-Dorf,
652,7,Villa Pokémon,
652,8,Valle dei Pokémon,
652,9,Pokémon Village,
652,11,ポケモンの村,
653,1,２１ばんどうろ,
653,3,21번도로,
653,5,Route 21,
653,6,Route 21,
653,7,Ruta 21,
653,8,Percorso 21,
653,9,Route 21,
653,11,２１番道路,
654,1,デルニエどおり,
654,3,데르니에 도로,
654,5,Chemin Final,
654,6,Dernier-Weg,
654,7,Vía Ultimia,
654,8,Via Ultima,
654,9,Dernière Way,
654,11,デルニエ通り,
655,1,２２ばんどうろ,
655,3,22번도로,
655,5,Route 22,
655,6,Route 22,
655,7,Ruta 22,
655,8,Percorso 22,
655,9,Route 22,
655,11,２２番道路,
656,1,デトルネどおり,
656,3,데뚜르네 도로,
656,5,Chemin Détour,
656,6,Détourné-Weg,
656,7,Vía Desvío,
656,8,Via Detour,
656,9,Détourner Way,
656,11,デトルネ通り,
657,1,チャンピオンロード,
657,3,챔피언로드,
657,5,Route Victoire,
657,6,Siegesstraße,
657,7,Calle Victoria,
657,8,Via Vittoria,
657,9,Victory Road,
657,11,チャンピオンロード,
658,1,ポケモンリーグ,
658,3,포켓몬리그,
658,5,Ligue Pokémon,
658,6,Pokémon Liga,
658,7,Liga Pokémon,
658,8,Lega Pokémon,
658,9,Pokémon League,
658,11,ポケモンリーグ,
659,1,キナンシティ,
659,3,기남시티,
659,5,Batisques,
659,6,Batika City,
659,7,Ciudad Batik,
659,8,Batikopoli,
659,9,Kiloude City,
659,11,キナンシティ,
660,1,バトルハウス,
660,3,배틀하우스,
660,5,Maison de Combat,
660,6,Kampfhaus,
660,7,Mansión Batalla,
660,8,Villa Lotta,
660,9,Battle Maison,
660,11,バトルハウス,
661,1,アズールわん,
661,3,아쥐르만,
661,5,Baie Azur,
661,6,Azurbucht,
661,7,Bahía Azul,
661,8,Baia Azzurra,
661,9,Azure Bay,
661,11,アズール湾,
662,1,フウジョゲート,
662,3,버들비게이트,
662,5,Porte de La Frescale,
662,6,Frescora-Tor,
662,7,Acceso a Fresco,
662,8,Varco Frescovilla,
662,9,Dendemille Gate,
662,11,フウジョゲート,
663,1,レンリゲート,
663,3,배롱게이트,
663,5,Porte de Mozheim,
663,6,Mosaia-Tor,
663,7,Acceso a Mosaico,
663,8,Varco Ponte Mosaico,
663,9,Couriway Gate,
663,11,レンリゲート,
664,1,コウジンゲート,
664,3,가라게이트,
664,5,Porte de R. s/Gliffe,
664,6,Petrophia-Tor,
664,7,Acceso a Petroglifo,
664,8,Varco Petroglifari,
664,9,Ambrette Gate,
664,11,コウジンゲート,
665,1,ミアレゲート,
665,3,미르게이트,
665,5,Porte d’Illumis,
665,6,Illumina-Tor,
665,7,Acceso a Luminalia,
665,8,Varco Luminopoli,
665,9,Lumiose Gate,
665,11,ミアレゲート,
666,1,シャラゲート,
666,3,사라게이트,
666,5,Porte de Yantreizh,
666,6,Yantara-Tor,
666,7,Acceso a Yantra,
666,8,Varco Yantaropoli,
666,9,Shalour Gate,
666,11,シャラゲート,
667,1,ヒヨクゲート,
667,3,비익게이트,
667,5,Porte de P. Tempères,
667,6,Tempera-Tor,
667,7,Acceso a Témpera,
667,8,Varco Temperopoli,
667,9,Coumarine Gate,
667,11,ヒヨクゲート,
668,1,クノエゲート,
668,3,후늬게이트,
668,5,Porte de Romant,
668,6,Romantia-Tor,
668,7,Acceso a Romantis,
668,8,Varco Romantopoli,
668,9,Laverre Gate,
668,11,クノエゲート,
669,1,ヒャッコクゲート,
669,3,향전게이트,
669,5,Porte de Flusselles,
669,6,Fluxia-Tor,
669,7,Acceso a Fluxus,
669,8,Varco Fluxopoli,
669,9,Anistar Gate,
669,11,ヒャッコクゲート,
670,1,エイセツゲート,
670,3,이설게이트,
670,5,Porte d’Auffrac,
670,6,Fractalia-Tor,
670,7,Acceso a Fractal,
670,8,Varco Fractalopoli,
670,9,Snowbelle Gate,
670,11,エイセツゲート,
671,1,かがやきのどうくつ,
671,3,반짝임의 동굴,
671,5,Grotte Étincelante,
671,6,Leuchthöhle,
671,7,Cueva Brillante,
671,8,Grotta dei Bagliori,
671,9,Glittering Cave,
671,11,輝きの洞窟,
672,1,じつなぎのどうけつ,
672,3,땅이음의 동굴,
672,5,Cave Connecterre,
672,6,Geolinkhöhle,
672,7,Gruta Tierraunida,
672,8,Grotta Trait d’Union,
672,9,Connecting Cave,
672,11,地つなぎの洞穴,
673,1,ズバットたちのすみか,
673,3,주뱃들의 소굴,
673,5,Antre Nosferapti,
673,6,Zubat-Nest,
673,7,Escondrijo Zubat,
673,8,Tana degli Zubat,
673,9,Zubat Roost,
673,11,ズバットたちのすみか,
674,1,カロスはつでんしょ,
674,3,칼로스발전소,
674,5,Centrale de Kalos,
674,6,Kalos-Kraftwerk,
674,7,Central de Kalos,
674,8,Centrale di Kalos,
674,9,Kalos Power Plant,
674,11,カロス発電所,
675,1,フレアだんひみつきち,
675,3,플레어단 비밀기지,
675,5,Repaire Team Flare,
675,6,Flare-Geheimbasis,
675,7,Guarida Team Flare,
675,8,Covo del Team Flare,
675,9,Team Flare Secret HQ,
675,11,フレア団秘密基地,
676,1,ついのどうくつ,
676,3,끝의 동굴,
676,5,Grotte Coda,
676,6,Omega-Höhle,
676,7,Cueva Desenlace,
676,8,Grotta Climax,
676,9,Terminus Cave,
676,11,終の洞窟,
677,1,あれはてホテル,
677,3,황폐해진 호텔,
677,5,Hôtel Désolation,
677,6,Hotelruine,
677,7,Hotel Desolación,
677,8,Albergo Diroccato,
677,9,Lost Hotel,
677,11,荒れ果てホテル,
678,1,うつろのま,
678,3,공허의 방,
678,5,Chambre Néant,
678,6,Kammer der Leere,
678,7,Estancia Vacua,
678,8,Stanza Vacua,
678,9,Chamber of Emptiness,
678,11,空ろの間,
679,1,わだつみのあな,
679,3,해신의 굴,
679,5,Antre Néréen,
679,6,Meerestitanenhöhle,
679,7,Cueva Talasia,
679,8,Antro Talassico,
679,9,Sea Spirit’s Den,
679,11,海神の穴,
680,1,フレンドサファリ,
680,3,프렌드사파리,
680,5,Safari des Amis,
680,6,Kontaktsafari,
680,7,Safari Amistad,
680,8,Safari Amici,
680,9,Friend Safari,
680,11,フレンドサファリ,
681,1,かえんのま,
681,3,화염의 방,
681,5,Chambre du Brasier,
681,6,Flammen-Saal,
681,7,Sala de las Llamas,
681,8,Sala delle Fiamme,
681,9,Blazing Chamber,
681,11,火炎の間,
682,1,すいもんのま,
682,3,수문의 방,
682,5,Chambre du Barrage,
682,6,Schleusen-Saal,
682,7,Sala de la Esclusa,
682,8,Sala delle Chiuse,
682,9,Flood Chamber,
682,11,水門の間,
683,1,こうてつのま,
683,3,무쇠의 방,
683,5,Chambre de l’Alliage,
683,6,Rüstungs-Saal,
683,7,Sala del Metal,
683,8,Sala del Metallo,
683,9,Ironworks Chamber,
683,11,鋼鉄の間,
684,1,りゅうしょうのま,
684,3,용문양의 방,
684,5,Chambre de la Guivre,
684,6,Draco-Saal,
684,7,Sala del Draco,
684,8,Sala del Dragone,
684,9,Dragonmark Chamber,
684,11,竜章の間,
685,1,ひかりのま,
685,3,빛의 방,
685,5,Chambre de l’Éclat,
685,6,Licht-Saal,
685,7,Sala de la Luz,
685,8,Sala della Luce,
685,9,Radiant Chamber,
685,11,光の間,
686,1,ポケモンリーグゲート,
686,3,포켓몬리그 게이트,
686,5,Porte de la Ligue,
686,6,Tor zur Pokémon Liga,
686,7,Acceso Liga Pokémon,
686,8,Varco Lega Pokémon,
686,9,Pokémon League Gate,
686,11,ポケモンリーグゲート,
687,1,ミアレステーション,
687,3,미르 스테이션,
687,5,Gare d’Illumis,
687,6,Bahnhof von Illumina,
687,7,Estación Luminalia,
687,8,Stazione Luminopoli,
687,9,Lumiose Station,
687,11,ミアレステーション,
688,1,キナンステーション,
688,3,기남 스테이션,
688,5,Gare de Batisques,
688,6,Bahnhof von Batika,
688,7,Estación Batik,
688,8,Stazione Batikopoli,
688,9,Kiloude Station,
688,11,キナンステーション,
689,1,コウジンすいぞくかん,
689,3,가라 수족관,
689,5,Aquarium R. s/Gliffe,
689,6,Petrophia-Aquarium,
689,7,Acuario Petroglifo,
689,8,Acquario,
689,9,Ambrette Aquarium,
689,11,コウジン水族館,
690,1,ななしのどうくつ,
690,3,이름없는 동굴,
690,5,Grotte Inconnue,
690,6,Geheimdungeon,
690,7,Mazmorra Rara,
690,8,Grotta Ignota,
690,9,Unknown Dungeon,
690,11,ななしの洞窟,
691,1,ポケモンリーグ,
691,3,포켓몬리그,
691,5,Ligue Pokémon,
691,6,Pokémon Liga,
691,7,Liga Pokémon,
691,8,Lega Pokémon,
691,9,Pokémon League,
691,11,ポケモンリーグ,
692,1,アクアだんアジト,
692,3,아쿠아단아지트,
692,5,Planque Aqua,
692,6,Team Aquas Versteck,
692,7,Guarida Aqua,
692,8,Rifugio Idro,
692,9,Team Aqua Hideout,
692,11,アクア団アジト,
693,1,シーキンセツ,
693,3,씨보라,
693,5,Lavandia Sea,
693,6,Seewoge Malvenfroh,
693,7,Malvamar,
693,8,Ciclamare,
693,9,Sea Mauville,
693,11,シーキンセツ,
694,1,マグマだんアジト,
694,3,마그마단아지트,
694,5,Planque Magma,
694,6,Team Magmas Versteck,
694,7,Guarida Magma,
694,8,Rifugio Magma,
694,9,Team Magma Hideout,
694,11,マグマ団アジト,
695,1,バトルリゾート,
695,3,배틀리조트,
695,5,Atoll de Combat,
695,6,Kampfresort,
695,7,Resort Batalla,
695,8,Resort Lotta,
695,9,Battle Resort,
695,11,バトルリゾート,
696,1,タイドリップごう,
696,3,타이드립호,
696,5,Le Marina,
696,6,MS Tide,
696,7,S.S. Marea,
696,8,Motonave Marea,
696,9,S.S. Tidal,
696,11,タイドリップ号,
697,1,マボロシもり,
697,3,환상숲,
697,5,Forêt Mirage,
697,6,Wunderwald,
697,7,Bosque Espejismo,
697,8,Selva Miraggio,
697,9,Mirage Forest,
697,11,マボロシ森,
698,1,マボロシどうくつ,
698,3,환상동굴,
698,5,Grotte Mirage,
698,6,Wunderhöhle,
698,7,Cueva Espejismo,
698,8,Grotta Miraggio,
698,9,Mirage Cave,
698,11,マボロシ洞窟,
699,1,マボロシやま,
699,3,환상산,
699,5,Mont Mirage,
699,6,Wunderberg,
699,7,Monte Espejismo,
699,8,Monte Miraggio,
699,9,Mirage Mountain,
699,11,マボロシ山,
700,1,みかいのもり,
700,3,미개척의 숲,
700,5,Forêt Impénétrable,
700,6,Wilder Wald,
700,7,Bosque Virgen,
700,8,Foresta Vergine,
700,9,Trackless Forest,
700,11,未開の森,
701,1,なもなきへいげん,
701,3,이름없는 평원,
701,5,Plaine Sans Nom,
701,6,Namenlose Ebene,
701,7,Llanura Sinnombre,
701,8,Piana Senza Nome,
701,9,Pathless Plain,
701,11,名もなき平原,
702,1,みちのどうくつ,
702,3,미지의 동굴,
702,5,Grotte Oubliée,
702,6,Unerforschte Höhle,
702,7,Cueva Ignota,
702,8,Caverna Ignota,
702,9,Nameless Cavern,
702,11,未知の洞窟,
703,1,おぼろのどうくつ,
703,3,희미한 동굴,
703,5,Grotte Évanescente,
703,6,Rätselhafte Höhle,
703,7,Cueva Incierta,
703,8,Grotta Sfuggente,
703,9,Fabled Cave,
703,11,おぼろの洞窟,
704,1,いびつなあな,
704,3,비틀린 굴,
704,5,Gouffre Informe,
704,6,Höhle der Spaltung,
704,7,Boquete Irregular,
704,8,Fossa Informe,
704,9,Gnarled Den,
704,11,いびつな穴,
705,1,ゆみなりのしま,
705,3,궁형의 섬,
705,5,Île de l’Arc,
705,6,Sichelinsel,
705,7,Isla Creciente,
705,8,Isola Arcodiluna,
705,9,Crescent Isle,
705,11,弓形の島,
706,1,ひみつのこじま,
706,3,비밀의 작은 섬,
706,5,Îlot Secret,
706,6,Geheiminsel,
706,7,Islote Secreto,
706,8,Isolotto Segreto,
706,9,Secret Islet,
706,11,ひみつの小島,
707,1,おおぞら,
707,3,창공,
707,5,Grand Ciel,
707,6,Luftraum,
707,7,Firmamento,
707,8,Ipersfera,
707,9,Soaring in the sky,
707,11,大空,
708,1,ひみつのいそべ,
708,3,비밀의 바위해변,
708,5,Plage Secrète,
708,6,Geheime Küste,
708,7,Costa Secreta,
708,8,Baia Segreta,
708,9,Secret Shore,
708,11,ひみつのいそべ,
709,1,ひみつのはなばたけ,
709,3,비밀의 꽃밭,
709,5,Champ Fleuri Secret,
709,6,Geheime Blumenwiese,
709,7,Prado Secreto,
709,8,Valle Segreta,
709,9,Secret Meadow,
709,11,ひみつの花畑,
710,1,１ばんどうろ,ハウオリシティはずれ
710,3,1번도로,하우올리시티 변두리
710,4,１號道路,好奧樂市郊
710,5,Route 1,Abords d’Ekaeka
710,6,Route 1,Hauholi-Stadtrand
710,7,Ruta 1,Afueras de Hauoli
710,8,Percorso 1,Periferia di Hau’oli
710,9,Route 1,Hau’oli Outskirts
710,11,１番道路,ハウオリシティはずれ
710,12,１号道路,好奥乐市郊
711,1,１ばんどうろ,
711,3,1번도로,
711,4,１號道路,
711,5,Route 1,
711,6,Route 1,
711,7,Ruta 1,
711,8,Percorso 1,
711,9,Route 1,
711,11,１番道路,
711,12,１号道路,
712,1,３ばんどうろ,
712,3,3번도로,
712,4,３號道路,
712,5,Route 3,
712,6,Route 3,
712,7,Ruta 3,
712,8,Percorso 3,
712,9,Route 3,
712,11,３番道路,
712,12,３号道路,
713,1,２ばんどうろ,
713,3,2번도로,
713,4,２號道路,
713,5,Route 2,
713,6,Route 2,
713,7,Ruta 2,
713,8,Percorso 2,
713,9,Route 2,
713,11,２番道路,
713,12,２号道路,
714,1,カーラエわん,
714,3,칼라에만,
714,4,卡拉蔚灣,
714,5,Baie de Kala’e,
714,6,Kala’e-Bucht,
714,7,Bahía Kalae,
714,8,Baia Kala’e,
714,9,Kala’e Bay,
714,11,カーラエ湾,
714,12,卡拉蔚湾,
715,1,メレメレかい,
715,3,멜레멜레해,
715,4,美樂美樂海,
715,5,Mer de Mele-Mele,
715,6,Meer von Mele-Mele,
715,7,Mar de Melemele,
715,8,Mare di Mele Mele,
715,9,Melemele Sea,
715,11,メレメレ海,
715,12,美乐美乐海,
716,1,ハウオリシティ,ビーチサイドエリア
716,3,하우올리시티,비치사이드에리어
716,4,好奧樂市,海灘區
716,5,Ekaeka,Plage
716,6,Hauholi City,Strandpromenade
716,7,Ciudad Hauoli,Paseo Marítimo
716,8,Hau’oli,Lungomare
716,9,Hau’oli City,Beachfront
716,11,ハウオリシティ,ビーチサイドエリア
716,12,好奥乐市,海滩区
717,1,ハウオリシティ,ショッピングエリア
717,3,하우올리시티,쇼핑에리어
717,4,好奧樂市,商業區
717,5,Ekaeka,Zone commerciale
717,6,Hauholi City,Einkaufsviertel
717,7,Ciudad Hauoli,Zona Comercial
717,8,Hau’oli,Zona Commerciale
717,9,Hau’oli City,Shopping District
717,11,ハウオリシティ,ショッピングエリア
717,12,好奥乐市,商业区
718,1,ハウオリシティ,ポートエリア
718,3,하우올리시티,포트에리어
718,4,好奧樂市,港口區
718,5,Ekaeka,Port
718,6,Hauholi City,Hafen
718,7,Ciudad Hauoli,Puerto
718,8,Hau’oli,Porto
718,9,Hau’oli City,Marina
718,11,ハウオリシティ,ポートエリア
718,12,好奥乐市,港口区
719,1,リリィタウン,
719,3,릴리마을,
719,4,利利小鎮,
719,5,Lili’i,
719,6,Lili’i,
719,7,Pueblo Lilii,
719,8,Lili,
719,9,Iki Town,
719,11,リリィタウン,
719,12,利利小镇,
720,1,マハロさんどう,
720,3,마할로 산길,
720,4,馬哈羅山路,
720,5,Sentier de Mahalo,
720,6,Mahalo-Bergpfad,
720,7,Senda Mahalo,
720,8,Sentiero Mahalo,
720,9,Mahalo Trail,
720,11,マハロ山道,
720,12,马哈罗山路,
721,1,マハロさんどう,つりばし
721,3,마할로 산길,현수교
721,4,馬哈羅山路,吊橋
721,5,Sentier de Mahalo,Pont suspendu
721,6,Mahalo-Bergpfad,Hängebrücke
721,7,Senda Mahalo,Puente Colgante
721,8,Sentiero Mahalo,Ponte Sospeso
721,9,Mahalo Trail,Plank Bridge
721,11,マハロ山道,吊り橋
721,12,马哈罗山路,吊桥
722,1,いくさのいせき,
722,3,전쟁의 유적,
722,4,戰爭遺跡,
722,5,Ruines du Conflit,
722,6,Ruinen des Krieges,
722,7,Ruinas de la Guerra,
722,8,Tempio del Conflitto,
722,9,Ruins of Conflict,
722,11,戦の遺跡,
722,12,战争遗迹,
723,1,テンカラットヒル,
723,3,텐캐럿힐,
723,4,十克拉山丘,
723,5,Colline Dicarat,
723,6,Tenkarat-Hügel,
723,7,Colina Dequilate,
723,8,Collina Diecicarati,
723,9,Ten Carat Hill,
723,11,テンカラットヒル,
723,12,十克拉山丘,
724,1,テンカラットヒル,さいおうくうどう
724,3,텐캐럿힐,가장 깊은 공동
724,4,十克拉山丘,最深處的空洞
724,5,Colline Dicarat,Caldeira Toutofon
724,6,Tenkarat-Hügel,Zentraler Felskessel
724,7,Colina Dequilate,Caldera Remota
724,8,Collina Diecicarati,Caldera Recondita
724,9,Ten Carat Hill,Farthest Hollow
724,11,テンカラットヒル,最奥空洞
724,12,十克拉山丘,最深处的空洞
725,1,ハウオリれいえん,
725,3,하우올리 묘원,
725,4,好奧樂墓園,
725,5,Cimetière d’Ekaeka,
725,6,Hauholi-Friedhof,
725,7,Cementerio de Hauoli,
725,8,Cimitero di Hau’oli,
725,9,Hau’oli Cemetery,
725,11,ハウオリ霊園,
725,12,好奥乐墓园,
726,1,メレメレのはなぞの,
726,3,멜레멜레 화원,
726,4,美樂美樂花園,
726,5,Jardin de Mele-Mele,
726,6,Mele-Mele-Blumenmeer,
726,7,Jardines de Melemele,
726,8,Prato Mele Mele,
726,9,Melemele Meadow,
726,11,メレメレの花園,
726,12,美乐美乐花园,
727,1,うみつなぎのどうけつ,
727,3,바다연결동굴,
727,4,通海洞穴,
727,5,Grotte Verlamer,
727,6,Meereshöhle,
727,7,Gruta Unemar,
727,8,Grotta Pratomare,
727,9,Seaward Cave,
727,11,海繋ぎの洞穴,
727,12,通海洞穴,
728,1,きのみばたけ,
728,3,나무열매 밭,
728,4,樹果園,
728,5,Champ de Baies,
728,6,Beerenfelder,
728,7,Huerto de Bayas,
728,8,Orto delle Bacche,
728,9,Berry Fields,
728,11,きのみ畑,
728,12,树果园,
729,1,しげみのどうくつ,しれんのま
729,3,우거진 동굴,시련의 방
729,4,蔥鬱洞窟,考驗之地
729,5,Grotte Verdoyante,Zone de l’Épreuve
729,6,Vegetationshöhle,Prüfungsbereich
729,7,Cueva Sotobosque,Sala de la Prueba
729,8,Grotta Sottobosco,Luogo della Prova
729,9,Verdant Cavern,Trial Site
729,11,茂みの洞窟,試練の間
729,12,葱郁洞窟,考验之地
730,1,しげみのどうくつ,ぬしのま
730,3,우거진 동굴,주인의 방
730,4,蔥鬱洞窟,霸主居處
730,5,Grotte Verdoyante,Repaire du Dominant
730,6,Vegetationshöhle,Herrscherbereich
730,7,Cueva Sotobosque,Sala del Dominante
730,8,Grotta Sottobosco,Arena del Dominante
730,9,Verdant Cavern,Totem’s Den
730,11,茂みの洞窟,ぬしの間
730,12,葱郁洞窟,霸主居处
731,1,４ばんどうろ,
731,3,4번도로,
731,4,４號道路,
731,5,Route 4,
731,6,Route 4,
731,7,Ruta 4,
731,8,Percorso 4,
731,9,Route 4,
731,11,４番道路,
731,12,４号道路,
732,1,５ばんどうろ,
732,3,5번도로,
732,4,５號道路,
732,5,Route 5,
732,6,Route 5,
732,7,Ruta 5,
732,8,Percorso 5,
732,9,Route 5,
732,11,５番道路,
732,12,５号道路,
733,1,６ばんどうろ,
733,3,6번도로,
733,4,６號道路,
733,5,Route 6,
733,6,Route 6,
733,7,Ruta 6,
733,8,Percorso 6,
733,9,Route 6,
733,11,６番道路,
733,12,６号道路,
734,1,７ばんどうろ,
734,3,7번도로,
734,4,７號道路,
734,5,Route 7,
734,6,Route 7,
734,7,Ruta 7,
734,8,Percorso 7,
734,9,Route 7,
734,11,７番道路,
734,12,７号道路,
735,1,８ばんどうろ,
735,3,8번도로,
735,4,８號道路,
735,5,Route 8,
735,6,Route 8,
735,7,Ruta 8,
735,8,Percorso 8,
735,9,Route 8,
735,11,８番道路,
735,12,８号道路,
736,1,９ばんどうろ,
736,3,9번도로,
736,4,９號道路,
736,5,Route 9,
736,6,Route 9,
736,7,Ruta 9,
736,8,Percorso 9,
736,9,Route 9,
736,11,９番道路,
736,12,９号道路,
737,1,ハノハノリゾート,
737,3,하노하노리조트,
737,4,豪諾豪諾度假地,
737,5,Club Hano-Hano,
737,6,Hanohano-Resort,
737,7,Resort Hanohano,
737,8,Resort Hanu Hanu,
737,9,Hano Grand Resort,
737,11,ハノハノリゾート,
737,12,豪诺豪诺度假地,
738,1,ハノハノビーチ,
738,3,하노하노비치,
738,4,豪諾豪諾海灘,
738,5,Plage Hano-Hano,
738,6,Hanohano-Strand,
738,7,Playa de Hanohano,
738,8,Spiaggia Hanu Hanu,
738,9,Hano Beach,
738,11,ハノハノビーチ,
738,12,豪诺豪诺海滩,
739,1,アーカラのはなぞの,
739,3,아칼라 화원,
739,4,阿卡拉花園,
739,5,Jardin d’Akala,
739,6,Akala-Blumenmeer,
739,7,Jardines de Akala,
739,8,Prato Akala,
739,9,Akala Meadow,
739,11,アーカラの花園,
739,12,阿卡拉花园,
740,1,オハナタウン,
740,3,오하나마을,
740,4,歐哈納鎮,
740,5,Ohana,
740,6,Ohana,
740,7,Pueblo Ohana,
740,8,Ohana,
740,9,Paniola Town,
740,11,オハナタウン,
740,12,欧哈纳镇,
741,1,カンタイシティ,
741,3,환대시티,
741,4,慷待市,
741,5,Ho’ohale,
741,6,Kantai City,
741,7,Ciudad Kantai,
741,8,Kantai,
741,9,Heahea City,
741,11,カンタイシティ,
741,12,慷待市,
742,1,コニコシティ,
742,3,코니코니시티,
742,4,可霓可市,
742,5,Konikoni,
742,6,Konikoni City,
742,7,Ciudad Konikoni,
742,8,Konikoni,
742,9,Konikoni City,
742,11,コニコシティ,
742,12,可霓可市,
743,1,ロイヤルアベニュー,
743,3,로열 애버뉴,
743,4,皇家大道,
743,5,Rue du Dôme Royal,
743,6,Avenue Royale,
743,7,Avenida Royale,
743,8,Viale Royale,
743,9,Royal Avenue,
743,11,ロイヤルアベニュー,
743,12,皇家大道,
744,1,メモリアルヒル,
744,3,메모리얼힐,
744,4,回憶之丘,
744,5,Colline Memento,
744,6,Hügel des Gedenkens,
744,7,Colina del Recuerdo,
744,8,Colle della Memoria,
744,9,Memorial Hill,
744,11,メモリアルヒル,
744,12,回忆之丘,
745,1,オハナぼくじょう,
745,3,오하나목장,
745,4,歐哈納牧場,
745,5,Ranch Ohana,
745,6,Ohana-Farm,
745,7,Rancho Ohana,
745,8,Fattoria Ohana,
745,9,Paniola Ranch,
745,11,オハナ牧場,
745,12,欧哈纳牧场,
746,1,ヴェラかざんこうえん,
746,3,벨라화산공원,
746,4,維拉火山公園,
746,5,Parc Volcanique,
746,6,Wela-Vulkanpark,
746,7,Área Volcánica Wela,
746,8,Parco Vulcano Wela,
746,9,Wela Volcano Park,
746,11,ヴェラ火山公園,
746,12,维拉火山公园,
747,1,ヴェラかざんこうえん,ぬしのま
747,3,벨라화산공원,주인의 방
747,4,維拉火山公園,霸主居處
747,5,Parc Volcanique,Repaire du Dominant
747,6,Wela-Vulkanpark,Herrscherbereich
747,7,Área Volcánica Wela,Sala del Dominante
747,8,Parco Vulcano Wela,Arena del Dominante
747,9,Wela Volcano Park,Totem’s Den
747,11,ヴェラ火山公園,ぬしの間
747,12,维拉火山公园,霸主居处
748,1,せせらぎのおか,
748,3,잔잔한물가언덕,
748,4,潺潺之丘,
748,5,Colline Clapotis,
748,6,Plätscherhügel,
748,7,Colina Saltagua,
748,8,Collina Scrosciante,
748,9,Brooklet Hill,
748,11,せせらぎの丘,
748,12,潺潺之丘,
749,1,せせらぎのおか,ぬしのま
749,3,잔잔한물가언덕,주인의 방
749,4,潺潺之丘,霸主居處
749,5,Colline Clapotis,Repaire du Dominant
749,6,Plätscherhügel,Herrscherbereich
749,7,Colina Saltagua,Sala del Dominante
749,8,Collina Scrosciante,Arena del Dominante
749,9,Brooklet Hill,Totem’s Den
749,11,せせらぎの丘,ぬしの間
749,12,潺潺之丘,霸主居处
750,1,シェードジャングル,
750,3,셰이드정글,
750,4,樹蔭叢林,
750,5,Jungle Sombrefeuille,
750,6,Schattendschungel,
750,7,Jungla Umbría,
750,8,Giungla Ombrosa,
750,9,Lush Jungle,
750,11,シェードジャングル,
750,12,树荫丛林,
751,1,いのちのいせき,
751,3,생명의 유적,
751,4,生命遺跡,
751,5,Ruines de l’Éveil,
751,6,Ruinen des Lebens,
751,7,Ruinas de la Vida,
751,8,Tempio della Vita,
751,9,Ruins of Life,
751,11,命の遺跡,
751,12,生命遗迹,
752,1,アーカラじまはずれ,
752,3,아칼라외곽,
752,4,阿卡拉島郊外,
752,5,Côte Reculée d’Akala,
752,6,Akala-Küstenstreifen,
752,7,Afueras de Akala,
752,8,Punta Akala,
752,9,Akala Outskirts,
752,11,アーカラ島はずれ,
752,12,阿卡拉岛郊外,
753,1,ディグダトンネル,
753,3,디그다터널,
753,4,地鼠隧道,
753,5,Tunnel Taupiqueur,
753,6,Digda-Tunnel,
753,7,Túnel Diglett,
753,8,Tunnel Diglett,
753,9,Diglett’s Tunnel,
753,11,ディグダトンネル,
753,12,地鼠隧道,
754,1,ロイヤルドーム,
754,3,로열돔,
754,4,皇家巨蛋,
754,5,Dôme Royal,
754,6,Dome Royale,
754,7,Estadio Royale,
754,8,Stadio Royale,
754,9,Battle Royal Dome,
754,11,ロイヤルドーム,
754,12,皇家巨蛋,
755,1,１０ばんどうろ,
755,3,10번도로,
755,4,１０號道路,
755,5,Route 10,
755,6,Route 10,
755,7,Ruta 10,
755,8,Percorso 10,
755,9,Route 10,
755,11,１０番道路,
755,12,１０号道路,
756,1,１１ばんどうろ,
756,3,11번도로,
756,4,１１號道路,
756,5,Route 11,
756,6,Route 11,
756,7,Ruta 11,
756,8,Percorso 11,
756,9,Route 11,
756,11,１１番道路,
756,12,１１号道路,
757,1,ウラウラうらかいがん,
757,3,울라울라 뒤쪽 해안,
757,4,烏拉烏拉後海岸,
757,5,Côte Sauvage,
757,6,Küste von Ula-Ula,
757,7,Playa Menor,
757,8,Lido di Ula Ula,
757,9,Secluded Shore,
757,11,ウラウラ裏海岸,
757,12,乌拉乌拉后海岸,
758,1,１３ばんどうろ,
758,3,13번도로,
758,4,１３號道路,
758,5,Route 13,
758,6,Route 13,
758,7,Ruta 13,
758,8,Percorso 13,
758,9,Route 13,
758,11,１３番道路,
758,12,１３号道路,
759,1,カプのむら,
759,3,카푸마을,
759,4,卡璞村,
759,5,Village Toko,
759,6,Dorf der Kapu,
759,7,Aldea Tapu,
759,8,Villaggio Tapu,
759,9,Tapu Village,
759,11,カプの村,
759,12,卡璞村,
760,1,１５ばんすいどう,
760,3,15번수로,
760,4,１５號水路,
760,5,Route 15,
760,6,Route 15 (Wasserweg),
760,7,Ruta 15,
760,8,Percorso 15,
760,9,Route 15,
760,11,１５番水道,
760,12,１５号水路,
761,1,１６ばんどうろ,
761,3,16번도로,
761,4,１６號道路,
761,5,Route 16,
761,6,Route 16,
761,7,Ruta 16,
761,8,Percorso 16,
761,9,Route 16,
761,11,１６番道路,
761,12,１６号道路,
762,1,１７ばんどうろ,
762,3,17번도로,
762,4,１７號道路,
762,5,Route 17,
762,6,Route 17,
762,7,Ruta 17,
762,8,Percorso 17,
762,9,Route 17,
762,11,１７番道路,
762,12,１７号道路,
763,1,１２ばんどうろ,
763,3,12번도로,
763,4,１２號道路,
763,5,Route 12,
763,6,Route 12,
763,7,Ruta 12,
763,8,Percorso 12,
763,9,Route 12,
763,11,１２番道路,
763,12,１２号道路,
764,1,ハイナさばく,
764,3,하이나사막,
764,4,哈伊納沙漠,
764,5,Désert Haina,
764,6,Haina-Wüste,
764,7,Desierto de Haina,
764,8,Deserto Haina,
764,9,Haina Desert,
764,11,ハイナ砂漠,
764,12,哈伊纳沙漠,
765,1,１４ばんどうろ,
765,3,14번도로,
765,4,１４號道路,
765,5,Route 14,
765,6,Route 14,
765,7,Ruta 14,
765,8,Percorso 14,
765,9,Route 14,
765,11,１４番道路,
765,12,１４号道路,
766,1,ウラウラのはなぞの,
766,3,울라울라 화원,
766,4,烏拉烏拉花園,
766,5,Jardin d’Ula-Ula,
766,6,Ula-Ula-Blumenmeer,
766,7,Jardines de Ula-Ula,
766,8,Prato Ula Ula,
766,9,Ula’ula Meadow,
766,11,ウラウラの花園,
766,12,乌拉乌拉花园,
767,1,ポータウン,
767,3,포마을,
767,4,魄鎮,
767,5,Kokohio,
767,6,Po’u,
767,7,Pueblo Po,
767,8,Poh,
767,9,Po Town,
767,11,ポータウン,
767,12,魄镇,
768,1,マリエシティ,
768,3,말리에시티,
768,4,馬利埃靜市,
768,5,Malié,
768,6,Malihe City,
768,7,Ciudad Malíe,
768,8,Malie,
768,9,Malie City,
768,11,マリエシティ,
768,12,马利埃静市,
769,1,マリエていえん,
769,3,말리에 정원,
769,4,馬利埃庭園,
769,5,Parc de Malié,
769,6,Malihe-Ziergarten,
769,7,Parque de Malíe,
769,8,Giardino di Malie,
769,9,Malie Garden,
769,11,マリエ庭園,
769,12,马利埃庭园,
770,1,ホクラニだけ,
770,3,호쿠라니큰산,
770,4,輝克拉尼山,
770,5,Mont Hokulani,
770,6,Hokulani-Berg,
770,7,Pico Hokulani,
770,8,Picco Hokulani,
770,9,Mount Hokulani,
770,11,ホクラニ岳,
770,12,辉克拉尼山,
771,1,ホテリやま,
771,3,화끈산,
771,4,火特力山,
771,5,Mont Ardent,
771,6,Glühberg,
771,7,Monte Rubor,
771,8,Monte Tepore,
771,9,Blush Mountain,
771,11,ホテリ山,
771,12,火特力山,
772,1,みのりのいせき,
772,3,결실의 유적,
772,4,豐收遺跡,
772,5,Ruines de l’Essor,
772,6,Ruinen des Gedeihens,
772,7,Ruinas de la Cosecha,
772,8,Tempio del Raccolto,
772,9,Ruins of Abundance,
772,11,実りの遺跡,
772,12,丰收遗迹,
773,1,にちりんのみずうみ,
773,3,일륜의 호수,
773,4,日輪湖,
773,5,Lac du Halo Solaire,
773,6,Sonnenkreis-See,
773,7,Lago Corosol,
773,8,Lago Solare,
773,9,Lake of the Sunne,
773,11,日輪の湖,
773,12,日轮湖,
774,1,がちりんのみずうみ,
774,3,월륜의 호수,
774,4,月輪湖,
774,5,Lac du Halo Lunaire,
774,6,Mondscheiben-See,
774,7,Lago Coroluna,
774,8,Lago Lunare,
774,9,Lake of the Moone,
774,11,月輪の湖,
774,12,月轮湖,
775,1,ラナキラマウンテン,
775,3,라나키라마운틴,
775,4,拉納基拉山,
775,5,Mont Lanakila,
775,6,Mount Lanakila,
775,7,Monte Lanakila,
775,8,Monte Lanakila,
775,9,Mount Lanakila,
775,11,ラナキラマウンテン,
775,12,拉纳基拉山,
776,1,いかがわしきやしき,
776,3,수상한 저택,
776,4,可疑宅邸,
776,5,Manoir Chelou,
776,6,Lottervilla,
776,7,Mansión Misteriosa,
776,8,Villa Losca,
776,9,Shady House,
776,11,いかがわしき屋敷,
776,12,可疑宅邸,
777,1,スーパー・メガやす,あとち
777,3,슈퍼・메가싸네,철거지
777,4,超值超市,舊址
777,5,Bradley Prix,Site désaffecté
777,6,Schnäppchenparadies,Verlassener Laden
777,7,Súper Ultraganga,Local Abandonado
777,8,Supermarket Affaroni,Edificio Abbandonato
777,9,Thrifty Megamart,Abandoned Site
777,11,スーパー・メガやす,跡地
777,12,超值超市,旧址
778,1,ホクラニてんもんだい,
778,3,호쿠라니천문대,
778,4,輝克拉尼天文台,
778,5,Observatoire,
778,6,Hokulani-Sternwarte,
778,7,Observ. de Hokulani,
778,8,Osservatorio,
778,9,Hokulani Observatory,
778,11,ホクラニ天文台,
778,12,辉克拉尼天文台,
779,1,ポケモンリーグ,
779,3,포켓몬리그,
779,4,寶可夢聯盟,
779,5,Ligue Pokémon,
779,6,Pokémon-Liga,
779,7,Liga Pokémon,
779,8,Lega Pokémon,
779,9,Pokémon League,
779,11,ポケモンリーグ,
779,12,宝可梦联盟,
780,1,ポニのはなぞの,
780,3,포니 화원,
780,4,波尼花園,
780,5,Jardin de Poni,
780,6,Poni-Blumenmeer,
780,7,Jardines de Poni,
780,8,Prato Poni,
780,9,Poni Meadow,
780,11,ポニの花園,
780,12,波尼花园,
781,1,ポニのげんや,
781,3,포니들판,
781,4,波尼原野,
781,5,Prairie de Poni,
781,6,Wildnis von Poni,
781,7,Prado de Poni,
781,8,Piana di Poni,
781,9,Poni Wilds,
781,11,ポニの原野,
781,12,波尼原野,
782,1,ポニのこどう,
782,3,포니옛길,
782,4,波尼古道,
782,5,Vieille Route,
782,6,Alter Pfad von Poni,
782,7,Antiguo Paso de Poni,
782,8,Via Antica di Poni,
782,9,Ancient Poni Path,
782,11,ポニの古道,
782,12,波尼古道,
783,1,ポニのあらいそ,
783,3,포니의 거친 해안,
783,4,波尼鼓浪岩岸,
783,5,Récif de Poni,
783,6,Felsenküste von Poni,
783,7,Arrecife de Poni,
783,8,Scogliera di Poni,
783,9,Poni Breaker Coast,
783,11,ポニの荒磯,
783,12,波尼鼓浪岩岸,
784,1,ポニのじゅりん,
784,3,포니수림,
784,4,波尼樹林,
784,5,Forêt de Poni,
784,6,Wald von Poni,
784,7,Bosque de Poni,
784,8,Foresta di Poni,
784,9,Poni Grove,
784,11,ポニの樹林,
784,12,波尼树林,
785,1,ポニのこうや,
785,3,포니광야,
785,4,波尼曠野,
785,5,Plaine de Poni,
785,6,Ebene von Poni,
785,7,Llanura de Poni,
785,8,Prateria di Poni,
785,9,Poni Plains,
785,11,ポニの広野,
785,12,波尼旷野,
786,1,ポニのかいがん,
786,3,포니해안,
786,4,波尼海岸,
786,5,Côte de Poni,
786,6,Küste von Poni,
786,7,Costa de Poni,
786,8,Costa di Poni,
786,9,Poni Coast,
786,11,ポニの海岸,
786,12,波尼海岸,
787,1,ポニのけんろ,
787,3,포니험로,
787,4,波尼險路,
787,5,Chemin du Défi,
787,6,Beschwerlicher Pfad,
787,7,Pendiente de Poni,
787,8,Erta di Poni,
787,9,Poni Gauntlet,
787,11,ポニの険路,
787,12,波尼险路,
788,1,うみのたみのむら,
788,3,바다민족의 마을,
788,4,海洋居民之村,
788,5,Village Flottant,
788,6,Dorf des Seevolkes,
788,7,Aldea Marina,
788,8,Villaggio del Mare,
788,9,Seafolk Village,
788,11,海の民の村,
788,12,海洋居民之村,
789,1,ポニのだいきょうこく,
789,3,포니대협곡,
789,4,波尼大峽谷,
789,5,Grand Canyon de Poni,
789,6,Canyon von Poni,
789,7,Cañón de Poni,
789,8,Canyon di Poni,
789,9,Vast Poni Canyon,
789,11,ポニの大峡谷,
789,12,波尼大峡谷,
790,1,にちりんのさいだん,
790,3,일륜의 제단,
790,4,日輪祭壇,
790,5,Autel du Soleil,
790,6,Sonnenkreis-Podium,
790,7,Altar del Sol,
790,8,Altare Solare,
790,9,Altar of the Sunne,
790,11,日輪の祭壇,
790,12,日轮祭坛,
791,1,がちりんのさいだん,
791,3,월륜의 제단,
791,4,月輪祭壇,
791,5,Autel de la Lune,
791,6,Mondscheiben-Podium,
791,7,Altar de la Luna,
791,8,Altare Lunare,
791,9,Altar of the Moone,
791,11,月輪の祭壇,
791,12,月轮祭坛,
792,1,ひがんのいせき,
792,3,피안의 유적,
792,4,彼岸遺跡,
792,5,Ruines de l’Au-Delà,
792,6,Ruinen der Heimkehr,
792,7,Ruinas del Tránsito,
792,8,Tempio del Passaggio,
792,9,Ruins of Hope,
792,11,彼岸の遺跡,
792,12,彼岸遗迹,
793,1,エンドケイブ,
793,3,엔드케이브,
793,4,終結洞窟,
793,5,Caverne Coda,
793,6,Finalhöhle,
793,7,Gruta Desenlace,
793,8,Caverna Climax,
793,9,Resolution Cave,
793,11,エンドケイブ,
793,12,终结洞窟,
794,1,ナッシー・アイランド,
794,3,나시・아일랜드,
794,4,椰蛋樹島,
794,5,Île Noadkoko,
794,6,Kokowei-Eiland,
794,7,Isla Exeggutor,
794,8,Isola Exeggutor,
794,9,Exeggutor Island,
794,11,ナッシー・アイランド,
794,12,椰蛋树岛,
795,1,バトルツリー,
795,3,배틀트리,
795,4,對戰樹,
795,5,Arbre de Combat,
795,6,Kampfbaum,
795,7,Árbol de Combate,
795,8,Albero della Lotta,
795,9,Battle Tree,
795,11,バトルツリー,
795,12,对战树,
796,1,エーテルパラダイス,
796,3,에테르파라다이스,
796,4,以太樂園,
796,5,Paradis Æther,
796,6,Æther-Paradies,
796,7,Paraíso Æther,
796,8,Æther Paradise,
796,9,Aether Paradise,
796,11,エーテルパラダイス,
796,12,以太乐园,
797,1,ウルトラスペース,
797,3,울트라스페이스,
797,4,究極空間,
797,5,Ultra-Dimension,
797,6,Ultradimension,
797,7,Ultraespacio,
797,8,Ultramondo,
797,9,Ultra Space,
797,11,ウルトラスペース,
797,12,究极空间,
798,1,マリエシティ,はずれのみさき
798,3,말리에시티,외곽해안가
798,4,馬利埃靜市,市郊海角
798,5,Malié,Cap Passiloin
798,6,Malihe City,Kap am Stadtrand
798,7,Ciudad Malíe,Cabo de las Afueras
798,8,Malie,Promontorio di Malie
798,9,Malie City,Outer Cape
798,11,マリエシティ,はずれの岬
798,12,马利埃静市,市郊海角
799,9,Roaming Kanto,
799,5,Sillonnant Kanto,
800,9,Roaming Johto,
800,5,Sillonnant Johto,
801,9,Roaming Hoenn,
801,5,Sillonnant Hoenn,
802,9,Roaming Sinnoh,
802,5,Sillonnant Sinnoh,
803,9,Terra Cave,
803,5,Grotte Terra,
804,9,Marine Cave,
804,5,Grotte Marine,
805,9,Two Island,
806,9,Three Island,
807,9,Three Isle Path,
808,9,Six Island,
809,9,Seven Island,
810,9,Birth Island,
810,5,Île Aurore,
811,9,Navel Rock,
811,5,Roc Nombri,
812,9,Faraway Island,
812,5,Île lointaine,
813,9,Hoenn Battle Frontier,
813,5,Zone de Combat,
814,9,Johto Safari Zone,
814,5,Parc Safari,
